id,title,description,availability,condition,price,link,image_link,brand,product_type,custom_label_0,custom_label_1,custom_label_2
"CORD2","Goggles Cord","Eye & Face Protection supplied by Xpertone Creative in Dubai and across the UAE. SKU: CORD2. Unit: Pcs.","in stock","new","1.00 AED","https://www.xpertonecreative.com/products/goggles-cord-1/","https://www.xpertonecreative.com/assets/img/products/eye-face-protection/CORD2.png","Xpertone Creative","Eye & Face Protection > Eyewear Accessories","Eye & Face Protection","Eyewear Accessories","Pcs"
"THB","Honeywell, A700 Safety Spectacle, Dark Lens, Part No: 1015362","A700 Gray Frame TSR Gray Hard Coat from Honeywell is ideal for those who wish to protect their eyes and face. Its single-lens design is stylish and offers optimum protection. People working in building & construction, food industries, logistics, maintenance, transportation and more can easily sport it at work. It is well suited for indoor wear and outdoor applications as well. SKU: THB. Unit: Pcs.","in stock","new","11.00 AED","https://www.xpertonecreative.com/products/honeywell-a700-safety-spectacle-dark-lens-part-no-1015362/","https://www.xpertonecreative.com/assets/img/products/eye-face-protection/THB.png","Xpertone Creative","Eye & Face Protection > Safety Spectacles","Eye & Face Protection","Safety Spectacles","Pcs"
"KMS","Honeywell, XV100 Safety Spectacle, Dark Lens, Part No: 1029692","XV101 Gray Frosted Frame Gray Lens with anti-scratch coating from a well-known brand, Honeywell is chic and classy. The product features a polycarbonate lens & frame offering great peripheral vision and protection. The lens is impact resistant and comes with a moulded, universal nosepiece for easy fit. Its thin and lightweight design makes it comfortable to wear all day long. SKU: KMS. Unit: Pcs.","in stock","new","8.00 AED","https://www.xpertonecreative.com/products/honeywell-xv100-safety-spectacle-dark-lens-part-no-1029692/","https://www.xpertonecreative.com/assets/img/products/eye-face-protection/KMS.png","Xpertone Creative","Eye & Face Protection > Safety Spectacles","Eye & Face Protection","Safety Spectacles","Pcs"
"CGO","Safety Goggles with Anti Scratch and Anti Fog Coating","The CGO Safety Goggles are a form of protective eyewear that usually enclose or protect the surrounding area of the eye to prevent any particulates, water or chemicals from striking the eyes. They are often used in snow sports and in swimming. The impact resistant polycarbonate lens coating makes for an ideal lens for the time spent outdoors. SKU: CGO. Unit: Pcs.","in stock","new","2.00 AED","https://www.xpertonecreative.com/products/safety-goggles-with-anti-scratch-and-anti-fog-coating/","https://www.xpertonecreative.com/assets/img/products/eye-face-protection/CGO.png","Xpertone Creative","Eye & Face Protection > Safety Goggles","Eye & Face Protection","Safety Goggles","Pcs"
"KPB","Safety Spectacle, Part No: V90","KPB Safety Spectacles are manufactured under EN166F / ANSI Z87.1. It gives all kinds of eye protection and the safety equipment resembles normal eyewear. They come with side shields to reduce the ability for the debris to enter the eye from anywhere. The spectacular design with integrated nose bridge & highly flexible single lens gives the wearer extreme comfort. SKU: KPB. Unit: Pcs.","in stock","new","4.00 AED","https://www.xpertonecreative.com/products/vaultex-safety-spectacle-part-no-v90/","https://www.xpertonecreative.com/assets/img/products/eye-face-protection/KPB.png","Xpertone Creative","Eye & Face Protection > Safety Spectacles","Eye & Face Protection","Safety Spectacles","Pcs"
"V351","Vaultex, Safety Goggles","V351 Safety Goggles provide 360 degree protection from flying objects that can be an occupational hazard for the workers. They have a tight fitting design with the strap to ensure complete protection from outside dangers. It protects from coarse dust and can be easily combined with helmets & respirators SKU: V351. Unit: Pcs.","in stock","new","3.00 AED","https://www.xpertonecreative.com/products/vaultex-safety-goggles/","https://www.xpertonecreative.com/assets/img/products/eye-face-protection/V351.png","Xpertone Creative","Eye & Face Protection > Safety Goggles","Eye & Face Protection","Safety Goggles","Pcs"
"CHR","Vaultex, Safety Goggles with Anti Scratch & Anti Fog Coating, Part No: HYG02-1A","The CHR Safety Goggles with PVC frame have clear impact resistant polycarbonate lenses that are preferred over glass lenses by eyewear users, sportsmen and other eye protector users since its lightweight, UV and impact resistance properties. It protects From Coarse Dust And Can Be Easily Combined With Helmets And Respirators. SKU: CHR. Unit: Pcs.","in stock","new","2.00 AED","https://www.xpertonecreative.com/products/vaultex-safety-goggles-with-anti-scratch-anti-fog-coating-part-no-hyg02-1a/","https://www.xpertonecreative.com/assets/img/products/eye-face-protection/CHR.png","Xpertone Creative","Eye & Face Protection > Safety Goggles","Eye & Face Protection","Safety Goggles","Pcs"
"B661","Vaultex, Safety Spectacle","Eye & Face Protection supplied by Xpertone Creative in Dubai and across the UAE. SKU: B661. Unit: Pcs.","in stock","new","3.00 AED","https://www.xpertonecreative.com/products/vaultex-safety-spectacle-7/","https://www.xpertonecreative.com/assets/img/products/eye-face-protection/B661.png","Xpertone Creative","Eye & Face Protection > Safety Spectacles","Eye & Face Protection","Safety Spectacles","Pcs"
"B671","Vaultex, Safety Spectacle","Eye & Face Protection supplied by Xpertone Creative in Dubai and across the UAE. SKU: B671. Unit: Pcs.","in stock","new","3.00 AED","https://www.xpertonecreative.com/products/vaultex-safety-spectacle-8/","https://www.xpertonecreative.com/assets/img/products/eye-face-protection/B671.png","Xpertone Creative","Eye & Face Protection > Safety Spectacles","Eye & Face Protection","Safety Spectacles","Pcs"
"M091","Vaultex, Safety Spectacle Part No: M091","Vaultex M091 is a safety spectacle manufactured in accordance with EN166F / ANSI Z87.1 standards for Eye protection. The M091 eyewear is created with an impact-resistant polycarbonate lens with 99.9% UV protection that blocks out harmful rays that could damage your eyesight.The innovative design incorporates a coloured lens with soft red tips associated with crystal temple and an integrated nose bridge offering Flexibility & durability. The unique feature of M091 is the foam gasket seal which provides protection from dust, airborne article & Irritants. SKU: M091. Unit: Pcs.","in stock","new","8.00 AED","https://www.xpertonecreative.com/products/vaultex-safety-spectacle-part-no-m091/","https://www.xpertonecreative.com/assets/img/products/eye-face-protection/M091.png","Xpertone Creative","Eye & Face Protection > Safety Spectacles","Eye & Face Protection","Safety Spectacles","Pcs"
"V771","Vaultex, Safety Spectacle with Anit Scratch Coating","Eye & Face Protection supplied by Xpertone Creative in Dubai and across the UAE. SKU: V771. Unit: Pcs.","in stock","new","3.00 AED","https://www.xpertonecreative.com/products/vaultex-safety-spectacle-with-anit-scratch-coating/","https://www.xpertonecreative.com/assets/img/products/eye-face-protection/V771.png","Xpertone Creative","Eye & Face Protection > Specialty Lens Eyewear","Eye & Face Protection","Specialty Lens Eyewear","Pcs"
"V100","Vaultex, Safety Spectacle with Anti Fog Coating, Part No: 30010","Eye & Face Protection supplied by Xpertone Creative in Dubai and across the UAE. SKU: V100. Unit: Pcs.","in stock","new","14.00 AED","https://www.xpertonecreative.com/products/vaultex-safety-spectacle-with-anti-fog-coating-part-no-30010/","https://www.xpertonecreative.com/assets/img/products/clean-reference/eye-face-protection/V100.webp?v=20260916exact","Xpertone Creative","Eye & Face Protection > Anti-Fog Safety Spectacles","Eye & Face Protection","Anti-Fog Safety Spectacles","Pcs"
"V107","Vaultex, Safety Spectacle with Anti Fog Coating, Part No: 91348","Eye & Face Protection supplied by Xpertone Creative in Dubai and across the UAE. SKU: V107. Unit: Pcs.","in stock","new","14.00 AED","https://www.xpertonecreative.com/products/vaultex-safety-spectacle-with-anti-fog-coating-part-no-91348/","https://www.xpertonecreative.com/assets/img/products/eye-face-protection/V107.png","Xpertone Creative","Eye & Face Protection > Anti-Fog Safety Spectacles","Eye & Face Protection","Anti-Fog Safety Spectacles","Pcs"
"V83","Vaultex, Safety Spectacle with Anti Fog Coating, Part No: 91351","Eye & Face Protection supplied by Xpertone Creative in Dubai and across the UAE. SKU: V83. Unit: Pcs.","in stock","new","18.00 AED","https://www.xpertonecreative.com/products/vaultex-safety-spectacle-with-anti-fog-coating-part-no-91351/","https://www.xpertonecreative.com/assets/img/products/eye-face-protection/V83.png","Xpertone Creative","Eye & Face Protection > Anti-Fog Safety Spectacles","Eye & Face Protection","Anti-Fog Safety Spectacles","Pcs"
"V110","Vaultex, Safety Spectacle with Anti Fog Coating, Part No: 91639","Eye & Face Protection supplied by Xpertone Creative in Dubai and across the UAE. SKU: V110. Unit: Pcs.","in stock","new","19.00 AED","https://www.xpertonecreative.com/products/vaultex-safety-spectacle-with-anti-fog-coating-part-no-91639/","https://www.xpertonecreative.com/assets/img/products/eye-face-protection/V110.png","Xpertone Creative","Eye & Face Protection > Anti-Fog Safety Spectacles","Eye & Face Protection","Anti-Fog Safety Spectacles","Pcs"
"V103","Vaultex, Safety Spectacle with Anti Fog Coating, Part No: 91978","Eye & Face Protection supplied by Xpertone Creative in Dubai and across the UAE. SKU: V103. Unit: Pcs.","in stock","new","8.00 AED","https://www.xpertonecreative.com/products/vaultex-safety-spectacle-with-anti-fog-coating-part-no-91978/","https://www.xpertonecreative.com/assets/img/products/eye-face-protection/V103.png","Xpertone Creative","Eye & Face Protection > Anti-Fog Safety Spectacles","Eye & Face Protection","Anti-Fog Safety Spectacles","Pcs"
"V101","Vaultex, Safety Spectacle with Anti Fog Coating, Part No: 92150","Eye & Face Protection supplied by Xpertone Creative in Dubai and across the UAE. SKU: V101. Unit: Pcs.","in stock","new","23.00 AED","https://www.xpertonecreative.com/products/vaultex-safety-spectacle-with-anti-fog-coating-part-no-92150/","https://www.xpertonecreative.com/assets/img/products/eye-face-protection/V101.png","Xpertone Creative","Eye & Face Protection > Anti-Fog Safety Spectacles","Eye & Face Protection","Anti-Fog Safety Spectacles","Pcs"
"V51","Vaultex, Safety Spectacle with Anti Fog Coating, Part No: 92240","Eye & Face Protection supplied by Xpertone Creative in Dubai and across the UAE. SKU: V51. Unit: Pcs.","in stock","new","10.00 AED","https://www.xpertonecreative.com/products/vaultex-safety-spectacle-with-anti-fog-coating-part-no-92240/","https://www.xpertonecreative.com/assets/img/products/eye-face-protection/V51.png","Xpertone Creative","Eye & Face Protection > Anti-Fog Safety Spectacles","Eye & Face Protection","Anti-Fog Safety Spectacles","Pcs"
"V104","Vaultex, Safety Spectacle with Anti Fog Coating, Part No: 92355","Eye & Face Protection supplied by Xpertone Creative in Dubai and across the UAE. SKU: V104. Unit: Pcs.","in stock","new","16.00 AED","https://www.xpertonecreative.com/products/vaultex-safety-spectacle-with-anti-fog-coating-part-no-92355/","https://www.xpertonecreative.com/assets/img/products/eye-face-protection/V104.png","Xpertone Creative","Eye & Face Protection > Anti-Fog Safety Spectacles","Eye & Face Protection","Anti-Fog Safety Spectacles","Pcs"
"V121","Vaultex, Safety Spectacle with Anti Fog Coating, Part No: V121","Vaultex V121 is a safety spectacle manufactured under EN166F / ANSI Z87.1 standards for Eye protection. The V121 eyewear is created with an impact-resistant polycarbonate lens with 99.9% UV protection that blocks out harmful rays that could damage your eyesight. It comes with a stylish moulded design incorporating a grey half-frame, integrated soft nose bridge for comfort and universal fit, and flexible temple tips to provide extra comfort. SKU: V121. Unit: Pcs.","in stock","new","10.00 AED","https://www.xpertonecreative.com/products/vaultex-safety-spectacle-with-anti-fog-coating-part-no-v121/","https://www.xpertonecreative.com/assets/img/products/eye-face-protection/V121.png","Xpertone Creative","Eye & Face Protection > Anti-Fog Safety Spectacles","Eye & Face Protection","Anti-Fog Safety Spectacles","Pcs"
"V181","Vaultex, Safety Spectacle with Anti Fog Coating, Part No: V181","Vaultex V181 is a safety spectacle manufactured by following ANSI Z87.1 standards for Eye protection. V181 is made of a high-quality polycarbonate lens to provide 99.9 % UV protection. It features both anti-scratch coating and Anti-fog properties to give a fog-free view and to prolong the life of the lens. V181 comes in a frameless design with an integrated universal soft nose bridge and an adjustable temple with soft tips for added comfort and durability. SKU: V181. Unit: Pcs.","in stock","new","7.00 AED","https://www.xpertonecreative.com/products/vaultex-safety-spectacle-with-anti-fog-coating-part-no-v181/","https://www.xpertonecreative.com/assets/img/products/eye-face-protection/V181.png","Xpertone Creative","Eye & Face Protection > Anti-Fog Safety Spectacles","Eye & Face Protection","Anti-Fog Safety Spectacles","Pcs"
"V191","Vaultex, Safety Spectacle with Anti Fog Coating, Part No: V191","Vaultex V191 safety spectacle is designed with ANSI Z87.1 standard for the professional who requires comfort & protection against high impact. It is built with an impact-resistant polycarbonate lens with 99.9% UV protection to guard your eyes against dangerous UV radiation.It features an anti-scratch coating along with an Anti-fog property that minimises lens fogging. The black half-frame design with an integrated soft nose bridge is associated with Slim Temples that wrap around by making it attractive in appearance. SKU: V191. Unit: Pcs.","in stock","new","10.00 AED","https://www.xpertonecreative.com/products/vaultex-safety-spectacle-with-anti-fog-coating-part-no-v191/","https://www.xpertonecreative.com/assets/img/products/eye-face-protection/V191.png","Xpertone Creative","Eye & Face Protection > Anti-Fog Safety Spectacles","Eye & Face Protection","Anti-Fog Safety Spectacles","Pcs"
"V201","Vaultex, Safety Spectacle with Anti Fog Coating, Part No: V201","Vaultex V201 safety spectacle is designed with ANSI Z87.1 standard for the professional who requires comfort & protection against high impact. It is designed with an impact-resistant polycarbonate lens with 99.9% UV protection to guard your eyes against dangerous UV radiation. It comes with an anti-scratch coating along with an Anti-fog property to give optimum visibility along with fog-free while working. The black frame design with a Universal-soft nose bridge associated with Lined Library Temple gives a lightweight & comfortable fit experience for the wearer. SKU: V201. Unit: Pcs.","in stock","new","14.00 AED","https://www.xpertonecreative.com/products/vaultex-safety-spectacle-with-anti-fog-coating-part-no-v201/","https://www.xpertonecreative.com/assets/img/products/eye-face-protection/V201.png","Xpertone Creative","Eye & Face Protection > Anti-Fog Safety Spectacles","Eye & Face Protection","Anti-Fog Safety Spectacles","Pcs"
"V702","Vaultex, Safety Spectacle with Anti Fog Coating, Part No: V702","Safety Spectacles from Vaultex are designed to offer the wearer 99.9% protection from harmful UV rays. There are many more features that make this product a must buy. The polycarbonate lens is impact resistant and also anti-fog and anti-scratch. You can wear it to work or on an outing without worrying much. The lens coloured soft spatula type temple looks attractive. SKU: V702. Unit: Pcs.","in stock","new","3.00 AED","https://www.xpertonecreative.com/products/vaultex-safety-spectacle-with-anti-fog-coating-part-no-v702/","https://www.xpertonecreative.com/assets/img/products/eye-face-protection/V702.png","Xpertone Creative","Eye & Face Protection > Anti-Fog Safety Spectacles","Eye & Face Protection","Anti-Fog Safety Spectacles","Pcs"
"V72","Vaultex, Safety Spectacle with Anti Fog Coating, Part No: V72","Vaultex V72 is a safety spectacle manufactured by following ANSI Z87.1 standards for Eye protection.It is made of a high-quality impact resistant polycarbonate lens with Anti-fog & anti-scratch coating to provide maximum resistance to scratch & fog. V72 is crafted with a frameless design and comes with a soft spatula pattern temple incorporating Integrated Nose bride which gives comfort & flexibility. SKU: V72. Unit: Pcs.","in stock","new","5.00 AED","https://www.xpertonecreative.com/products/vaultex-safety-spectacle-with-anti-fog-coating-part-no-v72/","https://www.xpertonecreative.com/assets/img/products/eye-face-protection/V72.png","Xpertone Creative","Eye & Face Protection > Anti-Fog Safety Spectacles","Eye & Face Protection","Anti-Fog Safety Spectacles","Pcs"
"KAL","Vaultex, Safety Spectacle with Anti Fog Coating, Part No: V90","Safety Spectacles KAL have a wrap around design that gives the wearer comfort. There are several hazards that can cause short term or long term injury to the eyes. It's best to use Safety Spectacles at the workplace that protect the eyes from any occupational hazards. They are made specifically to meet the workplace safety standards. SKU: KAL. Unit: Pcs.","in stock","new","5.00 AED","https://www.xpertonecreative.com/products/vaultex-safety-spectacle-with-anti-fog-coating-part-no-v90/","https://www.xpertonecreative.com/assets/img/products/eye-face-protection/KAL.png","Xpertone Creative","Eye & Face Protection > Anti-Fog Safety Spectacles","Eye & Face Protection","Anti-Fog Safety Spectacles","Pcs"
"V73","Vaultex, Safety Spectacle with Indoor-Outdoor Lens, Part No: V73","Vaultex V73 safety spectacle is designed with ANSI Z87.1 standard for the professional who requires comfort, lightweight eyewear & protection against high impact. It is built with an impact-resistant polycarbonate lens with 99.9% UV protection to guard your eyes against dangerous UV radiation. They feature a frameless design, anti-scratch coating with an integrated soft nose bridge associated with temples that are soft flat spatula type offering a highly Flexible & durable experience. SKU: V73. Unit: Pcs.","in stock","new","4.00 AED","https://www.xpertonecreative.com/products/vaultex-safety-spectacle-with-indoor-outdoor-lens-part-no-v73/","https://www.xpertonecreative.com/assets/img/products/eye-face-protection/V73.png","Xpertone Creative","Eye & Face Protection > Specialty Lens Eyewear","Eye & Face Protection","Specialty Lens Eyewear","Pcs"
"V49","Vaultex, Safety Spectacle with Polarized Lens, Part No: V49","Vaultex V49 is a safety spectacle manufactured in accordance with EN166F / ANSI Z87.1 standards for Eye protection. The V49 eyewear is created with an impact-resistant polycarbonate lens with 99.9% UV protection that blocks out harmful rays that could damage your eyesight. It&rsquo;s constituted with a Brown polarized lens, sleek & flexible Frame & template, Anti-Scratch Coating, Full Frame black to provide support & safety to the wearer while working. In addition, V49 features visual Clarity, precision Flex Hinge, reduces Eye Strain, & Improves Visual Comfort to the wearer. SKU: V49. Unit: Pcs.","in stock","new","25.00 AED","https://www.xpertonecreative.com/products/vaultex-safety-spectacle-with-polarized-lens-part-no-v49/","https://www.xpertonecreative.com/assets/img/products/eye-face-protection/V49.png","Xpertone Creative","Eye & Face Protection > Specialty Lens Eyewear","Eye & Face Protection","Specialty Lens Eyewear","Pcs"
"V01","Vaultex, Safety Spectacle, Brown Lens, Part No: V01","Safety Spectacles V01 have side shields that protect the eye from flying materials to enter the eyes from sides. They protect the eyes from any occupational hazards that can be a potential threat to the eyes. The impact resistant polycarbonate lens with 99.9 % UV Protection protects the eyes from harmful radiation. SKU: V01. Unit: Pcs.","in stock","new","20.00 AED","https://www.xpertonecreative.com/products/vaultex-safety-spectacle-brown-lens-part-no-v01/","https://www.xpertonecreative.com/assets/img/products/eye-face-protection/V01.png","Xpertone Creative","Eye & Face Protection > Safety Spectacles","Eye & Face Protection","Safety Spectacles","Pcs"
"V02","Vaultex, Safety Spectacle, Part No: V02","Vaultex V02 is a safety spectacle manufactured in accordance with ANSI Z87.1 standards for Eye protection. It is lightweight and comfortable, intended to offer excellent protection to the wearer. The v02 eyewear is created with an impact resistant polycarbonate lens with 99.9% UV protection that blocks out harmful rays that could damage your eyesight.With its sleek & stylish design, it features Anti-Scratch Coating, Black Half Frame, a Black colour temple with soft blue tips along with universal soft nose bridge. SKU: V02. Unit: Pcs.","in stock","new","10.00 AED","https://www.xpertonecreative.com/products/vaultex-safety-spectacle-part-no-v02/","https://www.xpertonecreative.com/assets/img/products/eye-face-protection/V02.png","Xpertone Creative","Eye & Face Protection > Safety Spectacles","Eye & Face Protection","Safety Spectacles","Pcs"
"V131","Vaultex, Safety Spectacle, Part No: V131","Vaultex V131 safety spectacle meets all ANSI Z87.1 standards for eye protection. It is made of high-quality material to give you the ultimate protection against impact and scratch. V131 eyewear is designed with a polycarbonate lens to provide 99.9% protection from harmful UV rays. It is built with an anti-scratch coating and Anti-fog property to give fog-free visibility and to increase the life of the lens. Featuring a grey half-frame design comprises Integrated side shields & a nose bridge incorporated with an adjustable Temple With flexible tips embedded in Wrap Around Design for added comfort & durability. SKU: V131. Unit: Pcs.","in stock","new","10.00 AED","https://www.xpertonecreative.com/products/vaultex-safety-spectacle-part-no-v131/","https://www.xpertonecreative.com/assets/img/products/eye-face-protection/V131.png","Xpertone Creative","Eye & Face Protection > Safety Spectacles","Eye & Face Protection","Safety Spectacles","Pcs"
"V19","Vaultex, Safety Spectacle, Part No: V19","Vaultex V19 safety spectacle is designed with ANSI Z87.1 standard for the professional who requires comfort & protection against high impact. It features a black frame with a Wrap-around design with a universal soft nose bridge and adjustable temples with flexible tips. The impact-resistant polycarbonate lens features 99.9% UV protection to protect your eyes from dangerous UV radiation. SKU: V19. Unit: Pcs.","in stock","new","9.00 AED","https://www.xpertonecreative.com/products/vaultex-safety-spectacle-part-no-v19/","https://www.xpertonecreative.com/assets/img/products/eye-face-protection/V19.png","Xpertone Creative","Eye & Face Protection > Safety Spectacles","Eye & Face Protection","Safety Spectacles","Pcs"
"V30","Vaultex, Safety Spectacle, Part No: V30","Vaultex V30 is a safety spectacle manufactured following ANSI Z87.1 standards for Eye protection. It also provides excellent UV protection to shield your eyes from harmful rays when necessary. V30 Eyewear features a frameless design, impact-resistant polycarbonate lenses with an anti-scratch coating, wide lens coloured ventilated temples to provide comfort and protection. The impact-resistant polycarbonate lens features 99.9% UV protection to protect your eyes from dangerous UV radiation. SKU: V30. Unit: Pcs.","in stock","new","5.00 AED","https://www.xpertonecreative.com/products/vaultex-safety-spectacle-part-no-v30/","https://www.xpertonecreative.com/assets/img/products/eye-face-protection/V30.png","Xpertone Creative","Eye & Face Protection > Safety Spectacles","Eye & Face Protection","Safety Spectacles","Pcs"
"V406","Vaultex, Safety Spectacle, Part No: V406","Vaultex V46 safety spectacle meets all ANSI Z87.1 standards for eye protection. It is made of high-quality material to give you the ultimate protection against impact and scratch. V46 eyewear is designed with a polycarbonate lens to provide 99.9% protection from harmful UV rays. Featuring a stylish modern design with Integrated side shields, Wrap Around Design with Brow Bar, Black Half frame, & Adjustable Temple With flexible tips makes it ideal to use in an industrial and manufacturing environment. SKU: V406. Unit: Pcs.","in stock","new","3.00 AED","https://www.xpertonecreative.com/products/vaultex-safety-spectacle-part-no-v406/","https://www.xpertonecreative.com/assets/img/products/eye-face-protection/V406.png","Xpertone Creative","Eye & Face Protection > Safety Spectacles","Eye & Face Protection","Safety Spectacles","Pcs"
"V46","Vaultex, Safety Spectacle, Part No: V46","Vaultex V46 safety spectacle meets all ANSI Z87.1 standards for eye protection. It is made of high-quality material to give you the ultimate protection against impact and scratch. V46 eyewear is designed with a polycarbonate lens to provide 99.9% protection from harmful UV rays. Featuring a stylish modern design with Integrated side shields, Wrap Around Design with Brow Bar, Black Half frame, & Adjustable Temple With flexible tips makes it ideal to use in an industrial and manufacturing environment. SKU: V46. Unit: Pcs.","in stock","new","4.00 AED","https://www.xpertonecreative.com/products/vaultex-safety-spectacle-part-no-v46/","https://www.xpertonecreative.com/assets/img/products/eye-face-protection/V46.png","Xpertone Creative","Eye & Face Protection > Safety Spectacles","Eye & Face Protection","Safety Spectacles","Pcs"
"V61","Vaultex, Safety Spectacle, Part No: V61","The V61 is a safety spectacle that meets ANSI Z87.1 standards for eye protection. To protect your eyes, they feature a polycarbonate lens with 99.9% UV Protection, anti-scratch coating, Integrated side and top shields, to give a Comfortable & lightweight experience to the wearer. V61 is designed with Black Half Frame, integrated soft nose bridge for comfort and universal-fit, and flexible temple tips for comfort and secure fit. Available in both clear/dark lens combinations. SKU: V61. Unit: Pcs.","in stock","new","9.00 AED","https://www.xpertonecreative.com/products/vaultex-safety-spectacle-part-no-v61/","https://www.xpertonecreative.com/assets/img/products/eye-face-protection/V61.png","Xpertone Creative","Eye & Face Protection > Safety Spectacles","Eye & Face Protection","Safety Spectacles","Pcs"
"V69","Vaultex, Safety Spectacle, Part No: V69","Vaultex V69 is a safety spectacle manufactured following EN166F / ANSI Z87.1 standards for Eye protection. The V69 eyewear is created with an impact resistant polycarbonate lens with 99.9% UV protection which prevents harmful ultraviolet radiation from entering your eyes. V69 Lens safety eyewear is designed to be lightweight and comfortable. Featuring an anti-scratch coating, an adjustable blank temple with a nose clip that provides a universal fit and a flexible tip crafted to assure your eyes are well protected when working. SKU: V69. Unit: Pcs.","in stock","new","9.00 AED","https://www.xpertonecreative.com/products/vaultex-safety-spectacle-part-no-v69/","https://www.xpertonecreative.com/assets/img/products/eye-face-protection/V69.png","Xpertone Creative","Eye & Face Protection > Safety Spectacles","Eye & Face Protection","Safety Spectacles","Pcs"
"V701","Vaultex, Safety Spectacle, Part No: V701","Safety Spectacles V701 are protective eyewear that are used in hazardous environments and are called PPE equipment. They help the employees working in dangerous environments from hazardous objects. The integrated nose bridge and highly flexible single lens design gives extreme comfort and provides safety from occupational hazards. SKU: V701. Unit: Pcs.","in stock","new","3.00 AED","https://www.xpertonecreative.com/products/vaultex-safety-spectacle-part-no-v701/","https://www.xpertonecreative.com/assets/img/products/eye-face-protection/V701.png","Xpertone Creative","Eye & Face Protection > Safety Spectacles","Eye & Face Protection","Safety Spectacles","Pcs"
"V71","Vaultex, Safety Spectacle, Part No: V71","Vaultex V71 is a safety spectacle manufactured in accordance with EN166F / ANSI Z87.1 standards for Eye protection. It consists of impact-resistant polycarbonate lenses with 99.9 % UV protection which prevents harmful ultraviolet radiation from entering your eyes. It features an anti-scratch coating, frameless design with an integrated nose bridge and highly flexible single-lens design which is lightweight and comfortable to wear. V71 is available in clear, Dark & Amber lenses. SKU: V71. Unit: Pcs.","in stock","new","3.00 AED","https://www.xpertonecreative.com/products/vaultex-safety-spectacle-part-no-v71/","https://www.xpertonecreative.com/assets/img/products/eye-face-protection/V71.png","Xpertone Creative","Eye & Face Protection > Safety Spectacles","Eye & Face Protection","Safety Spectacles","Pcs"
"V81","Vaultex, Safety Spectacle, Part No: V81","Vaultex&rsquo;s safety spectacle is a must-have product for those who love the outdoors or work in hazardous conditions. It's clear/ dark, impact-resistant polycarbonate lens blocks 99.9% UV rays. It comes with an anti-scratch coating and a frameless design adds to its style. Lens covered soft temples offer comfort. It is a highly flexible single-lens design. Young or old, it is an amazing product for all ages. SKU: V81. Unit: Pcs.","in stock","new","5.00 AED","https://www.xpertonecreative.com/products/vaultex-safety-spectacle-part-no-v81/","https://www.xpertonecreative.com/assets/img/products/eye-face-protection/V81.png","Xpertone Creative","Eye & Face Protection > Safety Spectacles","Eye & Face Protection","Safety Spectacles","Pcs"
"V89","Vaultex, Safety Spectacle, Part No: V89","Vaultex V89 is a safety spectacle manufactured in accordance with EN166F / ANSI Z87.1 standards for Eye protection. It consists of impact-resistant polycarbonate lenses with 99.9 % UV protection which prevents harmful ultraviolet radiation from entering your eyes. It features an anti-scratch coating, frameless design with an integrated nose bridge and highly flexible single-lens design which gives support and comfort to wear. SKU: V89. Unit: Pcs.","in stock","new","10.00 AED","https://www.xpertonecreative.com/products/vaultex-safety-spectacle-part-no-v89/","https://www.xpertonecreative.com/assets/img/products/eye-face-protection/V89.png","Xpertone Creative","Eye & Face Protection > Safety Spectacles","Eye & Face Protection","Safety Spectacles","Pcs"
"V901","Vaultex, Safety Spectacle, Part No: V901","The highly flexible single lens Safety Spectacle V901 ensures complete protection to the wearer at day and night time. It gives the wearer anti-fog features during harsh climatic conditions. The impact resistant polycarbonate lens with 99.9% UV protection gives the wearer protection during extreme sunlight. The anti-scratch coating on the frameless design makes the spectacles safe. It's also available in colored lenses with a comfortable temple at the soft red tips. SKU: V901. Unit: Pcs.","in stock","new","3.00 AED","https://www.xpertonecreative.com/products/vaultex-safety-spectacle-part-no-v901-1/","https://www.xpertonecreative.com/assets/img/products/eye-face-protection/V901.png","Xpertone Creative","Eye & Face Protection > Safety Spectacles","Eye & Face Protection","Safety Spectacles","Pcs"
"V91","Vaultex, Safety Spectacle, Part No: V91","Safety spectacle from Vaultex is a must-have product for the millennial generation. Its clear or dark lens adds to one&rsquo;s appearance. The product features impact resistant polycarbonate lens with 99.9 % UV protection. Anti-scratch and frameless design are some more attractive features of this product. The temple is lens coloured with soft red tips. SKU: V91. Unit: Pcs.","in stock","new","5.00 AED","https://www.xpertonecreative.com/products/vaultex-safety-spectacle-part-no-v91-1/","https://www.xpertonecreative.com/assets/img/products/eye-face-protection/V91.png","Xpertone Creative","Eye & Face Protection > Safety Spectacles","Eye & Face Protection","Safety Spectacles","Pcs"
"AFC","Zecchin, Safety Spectacle with Anti Scratch & Anti Fog Coating, Part No: E-306","Eye & Face Protection supplied by Xpertone Creative in Dubai and across the UAE. SKU: AFC. Unit: Pcs.","in stock","new","8.00 AED","https://www.xpertonecreative.com/products/zecchin-safety-spectacle-with-anit-scratch-anit-fog-coating-part-no-e-306/","https://www.xpertonecreative.com/assets/img/products/eye-face-protection/AFC.png","Xpertone Creative","Eye & Face Protection > Anti-Fog Safety Spectacles","Eye & Face Protection","Anti-Fog Safety Spectacles","Pcs"
"USC","Armstrong, 13gg Latex Foam Coated Gloves, Green & Black Color","Hand Protection supplied by Xpertone Creative in Dubai and across the UAE. SKU: USC. Unit: Dozen.","in stock","new","17.00 AED","https://www.xpertonecreative.com/products/armstrong-13gg-latex-foam-coated-gloves-green-black-color/","https://www.xpertonecreative.com/assets/img/products/hand-protection/USC.png","Xpertone Creative","Hand Protection > Latex & Rubber-Coated Gloves","Hand Protection","Latex & Rubber-Coated Gloves","Dozen"
"TNC","Armstrong, Nitrile Gloves with Cuff","Hand Protection supplied by Xpertone Creative in Dubai and across the UAE. SKU: TNC. Unit: Dozen.","in stock","new","55.00 AED","https://www.xpertonecreative.com/products/armstrong-nitrile-gloves-with-cuff/","https://www.xpertonecreative.com/assets/img/products/hand-protection/TNC.png","Xpertone Creative","Hand Protection > Chemical, PVC & Long-Cuff Gloves","Hand Protection","Chemical, PVC & Long-Cuff Gloves","Dozen"
"CKG","Bleached Cotton Knitted Gloves","Hand Protection supplied by Xpertone Creative in Dubai and across the UAE. SKU: CKG. Unit: Dozen.","in stock","new","11.00 AED","https://www.xpertonecreative.com/products/bleached-cotton-knitted-gloves/","https://www.xpertonecreative.com/assets/img/products/hand-protection/CKG.png","Xpertone Creative","Hand Protection > Cotton, Knitted & Heat-Resistant Gloves","Hand Protection","Cotton, Knitted & Heat-Resistant Gloves","Dozen"
"PCR","Cotton Knitted Gloves, Black Color Wrist Weight: 800 Grams","These Cotton Knitted Gloves are designed for safe and secure handling in dry conditions. They are soft, comfortable, and breathable, perfect for extended use. These gloves are washable and durable, providing ongoing service and economic value. They feature an elasticated black wrist for a secure fit and added comfort. SKU: PCR. Unit: Dozen.","in stock","new","18.00 AED","https://www.xpertonecreative.com/products/cotton-knitted-gloves-weight-800-grams/","https://www.xpertonecreative.com/assets/img/products/hand-protection/PCR.png","Xpertone Creative","Hand Protection > Cotton, Knitted & Heat-Resistant Gloves","Hand Protection","Cotton, Knitted & Heat-Resistant Gloves","Dozen"
"RTP","Cotton Knitted Gloves, Blue Color Wrist, Weight: 700 Grams","These cotton gloves are reliable for safe and secure handling in dry conditions. With a weight of approximately 700 grams per dozen, they offer a comfortable and breathable fit that is also washable and economical. The elasticated blue wrist ensures a secure fit and easy wear. SKU: RTP. Unit: Dozen.","in stock","new","17.00 AED","https://www.xpertonecreative.com/products/cotton-knitted-gloves-weight-700-grams/","https://www.xpertonecreative.com/assets/img/products/hand-protection/RTP.png","Xpertone Creative","Hand Protection > Cotton, Knitted & Heat-Resistant Gloves","Hand Protection","Cotton, Knitted & Heat-Resistant Gloves","Dozen"
"IJT10","Leather Gloves, Orange Color","IJT10 is a Single Palm Leather Working Glove. It is designed with orange cowhide split leather. It features reinforced Palm, Thumb & Index Finger. IJT 10 is crafted with a Safety Cuff for Extra Protection. SKU: IJT10. Unit: Dozen.","in stock","new","60.00 AED","https://www.xpertonecreative.com/products/leather-gloves-orange-color/","https://www.xpertonecreative.com/assets/img/products/hand-protection/IJT10.png","Xpertone Creative","Hand Protection > Leather, Driving & Welding Gloves","Hand Protection","Leather, Driving & Welding Gloves","Dozen"
"MOK","Mechanical Impact Gloves, Green Color","Hand Protection supplied by Xpertone Creative in Dubai and across the UAE. SKU: MOK. Unit: Dozen.","in stock","new","25.00 AED","https://www.xpertonecreative.com/products/mechanical-impact-gloves-red-color/","https://www.xpertonecreative.com/assets/img/products/hand-protection/MOK.png","Xpertone Creative","Hand Protection > Impact & Anti-Vibration Gloves","Hand Protection","Impact & Anti-Vibration Gloves","Dozen"
"RGS","Rubber Gloves 100","Hand Protection supplied by Xpertone Creative in Dubai and across the UAE. SKU: RGS. Unit: Dozen.","in stock","new","25.00 AED","https://www.xpertonecreative.com/products/rubber-gloves-100/","https://www.xpertonecreative.com/assets/img/products/hand-protection/RGS.png","Xpertone Creative","Hand Protection > Latex & Rubber-Coated Gloves","Hand Protection","Latex & Rubber-Coated Gloves","Dozen"
"PEV","SCI, Latex Coated Gloves, Grey & Blue Color","Hand Protection supplied by Xpertone Creative in Dubai and across the UAE. SKU: PEV. Unit: Dozen.","in stock","new","26.00 AED","https://www.xpertonecreative.com/products/sci-latex-coated-gloves-grey-blue-color/","https://www.xpertonecreative.com/assets/img/products/hand-protection/PEV.png","Xpertone Creative","Hand Protection > Latex & Rubber-Coated Gloves","Hand Protection","Latex & Rubber-Coated Gloves","Dozen"
"JWM","SCI, Non Sterile Nitrile Examination Gloves, Powder Free","Hand Protection supplied by Xpertone Creative in Dubai and across the UAE. SKU: JWM. Unit: Mono.","in stock","new","16.00 AED","https://www.xpertonecreative.com/products/sci-non-sterile-nitrile-examination-gloves-powder-free/","https://www.xpertonecreative.com/assets/img/products/hand-protection/JWM.png","Xpertone Creative","Hand Protection > Disposable & Examination Gloves","Hand Protection","Disposable & Examination Gloves","Mono"
"SAF","Short Driving Gloves","Hand Protection supplied by Xpertone Creative in Dubai and across the UAE. SKU: SAF. Unit: Pair.","in stock","new","10.00 AED","https://www.xpertonecreative.com/products/short-driving-gloves-1/","https://www.xpertonecreative.com/assets/img/products/hand-protection/SAF.png","Xpertone Creative","Hand Protection > Leather, Driving & Welding Gloves","Hand Protection","Leather, Driving & Welding Gloves","Pair"
"SEG","Vaultex, 13gg HPPE Cut E Gloves with Silicon & Nitrile Mix Coated, Salt and Pepper Pink Liner","Hand Protection supplied by Xpertone Creative in Dubai and across the UAE. SKU: SEG. Unit: Pair.","in stock","new","37.00 AED","https://www.xpertonecreative.com/products/vaultex-13gg-hppe-cut-e-gloves-with-silicon-nitrile-mix-coated-salt-and-pepper-pink-liner/","https://www.xpertonecreative.com/assets/img/products/hand-protection/SEG.png","Xpertone Creative","Hand Protection > Cut-Resistant Gloves","Hand Protection","Cut-Resistant Gloves","Pair"
"LHE","Vaultex, Cotton Canvas Hot Mill Gloves, Heat Resistant upto 250°C for 15 Second","Hand Protection supplied by Xpertone Creative in Dubai and across the UAE. SKU: LHE. Unit: Pair.","in stock","new","14.00 AED","https://www.xpertonecreative.com/products/vaultex-cotton-canvas-hot-mill-gloves-heat-resistant-upto-250-c-for-15-second/","https://www.xpertonecreative.com/assets/img/products/hand-protection/LHE.png","Xpertone Creative","Hand Protection > Cotton, Knitted & Heat-Resistant Gloves","Hand Protection","Cotton, Knitted & Heat-Resistant Gloves","Pair"
"DSC","Vaultex, Crinkle Latex Coated Gloves, Fluorescent Yellow Color","These Latex Coated Gloves are an excellent option for those working in mechanical and low-temperature environments. They feature a crinkled finish black latex coating on a yellow cotton knitted liner, providing flexibility, comfort, good grip, and breathability. The gloves are anti-slip and offer penetration resistance, ensuring safety during use. These gloves are available in three sizes and are suitable for various hand sizes. SKU: DSC. Unit: Dozen.","in stock","new","57.00 AED","https://www.xpertonecreative.com/products/vaultex-crinkle-latex-coated-gloves-fluorescent-yellow-color/","https://www.xpertonecreative.com/assets/img/products/hand-protection/DSC.png","Xpertone Creative","Hand Protection > Latex & Rubber-Coated Gloves","Hand Protection","Latex & Rubber-Coated Gloves","Dozen"
"JNU","Vaultex, Cut 5 Gloves with Nitrile Foam Coated & Crotch Thumb","The JNU by Vaultex is a Nitrile Foam Coated Glove. It is crafted with 15 Gauge Knitted Nylon/Spandex Liner including Nitrile coating with tactile Touch. JNU gloves are designed to give a thumb crotch for durability, good grip in wet & dry conditions to the wearer. JNU features a cut resistance Level 5 that provides excellent protection against cuts, scratches and common injuries associated with work. The breathable design with ergonomic features provides a good grip & provides support to reduce the Hand's Fatigue. SKU: JNU. Unit: Pair.","in stock","new","26.00 AED","https://www.xpertonecreative.com/products/vaultex-cut-5-gloves-with-nitrile-foam-coated-crotch-thumb/","https://www.xpertonecreative.com/assets/img/products/hand-protection/JNU.png","Xpertone Creative","Hand Protection > Cut-Resistant Gloves","Hand Protection","Cut-Resistant Gloves","Pair"
"RUB72","Vaultex, Cut C, Impact Gloves","RUB72 by Vaultex is a mechanical glove made from Soft latex dip with an enhanced crinkle finish. It is designed with TPR impact protection on the full length of fingers & top of hands Durable and breathable knit shell. RUB72 features cut-resistant, puncture-resistant, High visibility fingers for increased safety. It comes with superior grip on wet and dry surfaces & Excellent dexterity for all working conditions. SKU: RUB72. Unit: Pair.","in stock","new","30.00 AED","https://www.xpertonecreative.com/products/vaultex-cut-5-impact-gloves/","https://www.xpertonecreative.com/assets/img/products/hand-protection/RUB72.png","Xpertone Creative","Hand Protection > Cut-Resistant Gloves","Hand Protection","Cut-Resistant Gloves","Pair"
"ACM","Vaultex, Cut D Gloves with Nitrile Foam Coated, Part NO: D-5M","Hand Protection supplied by Xpertone Creative in Dubai and across the UAE. SKU: ACM. Unit: Pair.","in stock","new","19.00 AED","https://www.xpertonecreative.com/products/vaultex-cut-d-gloves-with-nitrile-foam-coated-part-no-d-5m/","https://www.xpertonecreative.com/assets/img/products/hand-protection/ACM.png","Xpertone Creative","Hand Protection > Cut-Resistant Gloves","Hand Protection","Cut-Resistant Gloves","Pair"
"SAO","Vaultex, Cut D Gloves with NR Latex Wrinkle Coated","Cut 5 Gloves With NR Latex Wrinkle Coated from Vaultex are latex coated to offer good grip in wet, as well as dry conditions. The product is laundered, packed and cleaned to use. It also features a 15 gauge knitted nylon/ spandex liner along with the next-gen coating and reach complaint. Individuals working in fabrication & assembly, inspection and maintenance can make most of it. SKU: SAO. Unit: Pair.","in stock","new","18.00 AED","https://www.xpertonecreative.com/products/vaultex-cut-5-gloves-with-nr-latex-wrinkle-coated/","https://www.xpertonecreative.com/assets/img/products/hand-protection/SAO.png","Xpertone Creative","Hand Protection > Cut-Resistant Gloves","Hand Protection","Cut-Resistant Gloves","Pair"
"ANZ","Vaultex, Cut D Gloves with PU Coating, Grey Color","Hand Protection supplied by Xpertone Creative in Dubai and across the UAE. SKU: ANZ. Unit: Pair.","in stock","new","14.00 AED","https://www.xpertonecreative.com/products/vaultex-cut-d-gloves-with-pu-coating-grey-color/","https://www.xpertonecreative.com/assets/img/products/hand-protection/ANZ.png","Xpertone Creative","Hand Protection > Cut-Resistant Gloves","Hand Protection","Cut-Resistant Gloves","Pair"
"LBG","Vaultex, Cut D Nitrile Coated Gloves, Part No: N505","Hand Protection supplied by Xpertone Creative in Dubai and across the UAE. SKU: LBG. Unit: Pair.","in stock","new","14.00 AED","https://www.xpertonecreative.com/products/vaultex-cut-d-nitrile-foam-coated-gloves-part-no-n505/","https://www.xpertonecreative.com/assets/img/products/hand-protection/LBG.png","Xpertone Creative","Hand Protection > Cut-Resistant Gloves","Hand Protection","Cut-Resistant Gloves","Pair"
"LOL","Vaultex, Cut E Impact Gloves with TPR 2, Nitrile Coating & Crotch Thumb","Hand Protection supplied by Xpertone Creative in Dubai and across the UAE. SKU: LOL. Unit: Pair.","in stock","new","43.00 AED","https://www.xpertonecreative.com/products/vaultex-cut-d-impact-gloves-with-tpr-2-nitrile-coating-crotch-thumb/","https://www.xpertonecreative.com/assets/img/products/hand-protection/LOL.png","Xpertone Creative","Hand Protection > Cut-Resistant Gloves","Hand Protection","Cut-Resistant Gloves","Pair"
"YES","Vaultex, Cut Resistant Gloves","Hand Protection supplied by Xpertone Creative in Dubai and across the UAE. SKU: YES. Unit: Dozen.","in stock","new","104.00 AED","https://www.xpertonecreative.com/products/vaultex-cut-resistant-gloves/","https://www.xpertonecreative.com/assets/img/products/hand-protection/YES.png","Xpertone Creative","Hand Protection > Cut-Resistant Gloves","Hand Protection","Cut-Resistant Gloves","Dozen"
"BAK","Vaultex, Double Palm Leather Gloves, Grey & Blue Color","BAK by vaultex is a double palm leather gloves. It is designed with Grey/yellow cowhide split leather with reinforced Palm, Thumb & Index Finger. BAK is crafted with a Safety Cuff for Extra Protection. SKU: BAK. Unit: Dozen.","in stock","new","76.00 AED","https://www.xpertonecreative.com/products/vaultex-double-palm-leather-gloves-grey-blue-color/","https://www.xpertonecreative.com/assets/img/products/hand-protection/BAK.png","Xpertone Creative","Hand Protection > Leather, Driving & Welding Gloves","Hand Protection","Leather, Driving & Welding Gloves","Dozen"
"UKP","Vaultex, Double Palm Leather Welding Gloves, Red Color","UKP by vaultex is a 16-inch double palm leather welding glove made from Premium Select Leather to assure softness. It is designed with Yellow / Red Cow Hide Split, wing thumb, Double-Lock Stitched seams & fully welted in stress areas which extends the life of the gloves. UKP features heat resistant, spark resistant, Slag and Cuts resistant, and durability. SKU: UKP. Unit: Dozen.","in stock","new","231.00 AED","https://www.xpertonecreative.com/products/vaultex-double-palm-leather-welding-gloves-red-color/","https://www.xpertonecreative.com/assets/img/products/hand-protection/UKP.png","Xpertone Creative","Hand Protection > Leather, Driving & Welding Gloves","Hand Protection","Leather, Driving & Welding Gloves","Dozen"
"UFO","Vaultex, Impact Gloves with Microfibre Shell & PVC Dots","Hand Protection supplied by Xpertone Creative in Dubai and across the UAE. SKU: UFO. Unit: Pair.","in stock","new","40.00 AED","https://www.xpertonecreative.com/products/vaultex-impact-gloves-with-microfibre-shell-pvc-dots/","https://www.xpertonecreative.com/assets/img/products/hand-protection/UFO.png","Xpertone Creative","Hand Protection > Impact & Anti-Vibration Gloves","Hand Protection","Impact & Anti-Vibration Gloves","Pair"
"MWC","Vaultex, Latex Coated Gloves, Blue Color","Blue color with half latex coated crinkle finish Gloves on grey knitted shell from Vaultex is a product that you would not want to miss. It is flexible and comfortable, offers good grip with breathability. Its anti-slip & penetration resistance features work well in low temperature environment. The gloves are also suitable for mechanical work and environments. SKU: MWC. Unit: Dozen.","in stock","new","42.00 AED","https://www.xpertonecreative.com/products/vaultex-latex-coated-gloves-blue-color/","https://www.xpertonecreative.com/assets/img/products/hand-protection/MWC.png","Xpertone Creative","Hand Protection > Latex & Rubber-Coated Gloves","Hand Protection","Latex & Rubber-Coated Gloves","Dozen"
"NEP","Vaultex, Latex Flockline Gloves, Length - 33 cm","Trendy and stylish gloves make work more fun. Add more vibrancy to your work with Latex Flocklined Gloves - 33CM from Vaultex. Its dual blue and yellow colour are attractive and soothing. It is made from natural latex rubber, offering utmost protection to your hands. The product has also been flock lined with cotton to easily put on and take off the gloves. SKU: NEP. Unit: Pair.","in stock","new","4.00 AED","https://www.xpertonecreative.com/products/vaultex-latex-flockline-gloves-length-33-cm/","https://www.xpertonecreative.com/assets/img/products/hand-protection/NEP.png","Xpertone Creative","Hand Protection > Chemical, PVC & Long-Cuff Gloves","Hand Protection","Chemical, PVC & Long-Cuff Gloves","Pair"
"DRC","Vaultex, Latex Flockline Gloves, Orange Color Length - 33 cm","Made from natural latex rubber, Latex Flocklined Gloves - 33CM from the brand Vaultex is a great option for individuals who are responsible for light chemical handling, manufacturing, printing, painting, aerospace, agriculture, cleaning, janitorial, etc. It is also ideal for general household purposes. you can easily put it in your hand and take it out, all thanks to the cotton flocking inside the glove. SKU: DRC. Unit: Pair.","in stock","new","5.00 AED","https://www.xpertonecreative.com/products/vaultex-latex-flockline-gloves-length-33-cm-1/","https://www.xpertonecreative.com/assets/img/products/hand-protection/DRC.png","Xpertone Creative","Hand Protection > Latex & Rubber-Coated Gloves","Hand Protection","Latex & Rubber-Coated Gloves","Pair"
"WRY","Vaultex, Latex Sandy Foam Coated Gloves","Hand Protection supplied by Xpertone Creative in Dubai and across the UAE. SKU: WRY. Unit: Dozen.","in stock","new","45.00 AED","https://www.xpertonecreative.com/products/vaultex-latex-sandy-foam-coated-gloves/","https://www.xpertonecreative.com/assets/img/products/hand-protection/WRY.png","Xpertone Creative","Hand Protection > Latex & Rubber-Coated Gloves","Hand Protection","Latex & Rubber-Coated Gloves","Dozen"
"DPX","Vaultex, Leather Gloves, Yellow Color","DPX by vaultex is a double palm leather gloves. It is designed with Grey/yellow cowhide split leather. It features reinforced Palm, Thumb & Index Finger. DPX is crafted with a Safety Cuff for Extra Protection. SKU: DPX. Unit: Dozen.","in stock","new","76.00 AED","https://www.xpertonecreative.com/products/vaultex-leather-gloves-yellow-color-3/","https://www.xpertonecreative.com/assets/img/products/hand-protection/DPX.png","Xpertone Creative","Hand Protection > Leather, Driving & Welding Gloves","Hand Protection","Leather, Driving & Welding Gloves","Dozen"
"HJO","Vaultex, Long Tig Welding Gloves","If your job requires material handling, fabrication or tig welding, then you need Tig Welding Gloves to keep your hands protected at all times. The gloves offer a soft feel as they are crafted from top grain leather. It also has a 6 inch split leather cuff that protects the hand from heat and puncturing. You enjoy optimum grip with a straight thumb feature. SKU: HJO. Unit: Pair.","in stock","new","12.00 AED","https://www.xpertonecreative.com/products/vaultex-long-tig-welding-gloves/","https://www.xpertonecreative.com/assets/img/products/hand-protection/HJO.png","Xpertone Creative","Hand Protection > Leather, Driving & Welding Gloves","Hand Protection","Leather, Driving & Welding Gloves","Pair"
"KTP","Vaultex, Nitrile Flat Coated Gloves & Crotch Thumb","The KTP by Vaultex is a Nitrile Foam Coated Gloves. It is crafted with 15 Gauge Knitted Nylon/Spandex Liner, including Nitrile coating with a tactile Touch. KTP gloves are designed to give a Thumb Crotch for Durability, Good Grip in Wet & Dry Condition to the wearer. The breathable design with ergonomic features provides a good grip & provides support to reduce the Hand's Fatigue. SKU: KTP. Unit: Pair.","in stock","new","10.00 AED","https://www.xpertonecreative.com/products/vaultex-nitrile-flat-coated-gloves-crotch-thumb/","https://www.xpertonecreative.com/assets/img/products/hand-protection/KTP.png","Xpertone Creative","Hand Protection > Nitrile-Coated Gloves","Hand Protection","Nitrile-Coated Gloves","Pair"
"ORD","Vaultex, Nitrile Foam Coated Gloves","The ORD by Vaultex is a Nitrile Foam Coated Gloves. It is crafted with 15 Gauge Knitted Nylon/Spandex Liner, including Nitrile coating with a tactile Touch. ORD gloves are designed to give a Thumb Crotch for Durability, Good Grip in Wet & Dry Condition to the wearer. The breathable design with ergonomic features provides a good grip & provides support to reduce the Hand's Fatigue. SKU: ORD. Unit: Pair.","in stock","new","8.00 AED","https://www.xpertonecreative.com/products/vaultex-nitrile-foam-coated-gloves/","https://www.xpertonecreative.com/assets/img/products/hand-protection/ORD.png","Xpertone Creative","Hand Protection > Nitrile-Coated Gloves","Hand Protection","Nitrile-Coated Gloves","Pair"
"CAB","Vaultex, Nitrile Foam Coated Gloves & Crotch Thumb","The CAB by Vaultex is a Nitrile Foam Coated Gloves. It is crafted with 15 Gauge Knitted Nylon/Spandex Liner including Nitrile coating with tactile Touch.CAB gloves are designed to give a thumb crotch for durability, good grip in wet & dry conditions to the wearer. In addition, the breathable design with ergonomic features provides a good grip & provides support to reduce the Hand's Fatigue. SKU: CAB. Unit: Pair.","in stock","new","9.00 AED","https://www.xpertonecreative.com/products/vaultex-nitrile-foam-coated-gloves-crotch-thumb/","https://www.xpertonecreative.com/assets/img/products/hand-protection/CAB.png","Xpertone Creative","Hand Protection > Nitrile-Coated Gloves","Hand Protection","Nitrile-Coated Gloves","Pair"
"NBR","Vaultex, Nitrile Foam Coated Gloves, Part No: M15","Hand Protection supplied by Xpertone Creative in Dubai and across the UAE. SKU: NBR. Unit: Pair.","in stock","new","7.00 AED","https://www.xpertonecreative.com/products/vaultex-nitrile-foam-coated-gloves-part-no-m15/","https://www.xpertonecreative.com/assets/img/products/hand-protection/NBR.png","Xpertone Creative","Hand Protection > Nitrile-Coated Gloves","Hand Protection","Nitrile-Coated Gloves","Pair"
"JKL","Vaultex, Nitrile Gloves with Cuff","The JKL by Vaultex is Nitrile Coated Gloves With a Cuff designed to protect your hands against abrasions, cuts and chemical spills. These gloves feature a single dipped blue nitrile coated on a polyester jersey support for durability and comfortable all-day wear. The interlock lining is for easy on/off, and the gloves resist oil, grease, and chemicals and are sandy finished for resistance to cuts and abrasions. SKU: JKL. Unit: Dozen.","in stock","new","59.00 AED","https://www.xpertonecreative.com/products/vaultex-nitrile-gloves-with-cuff/","https://www.xpertonecreative.com/assets/img/products/hand-protection/JKL.png","Xpertone Creative","Hand Protection > Chemical, PVC & Long-Cuff Gloves","Hand Protection","Chemical, PVC & Long-Cuff Gloves","Dozen"
"PLR","Vaultex, Nitrile Gloves, Length - 33 cm","The PLR by Vaultex is a Nitrile Glove made with Nitrile Synthetic Rubber. It is designed with a raised diamond grip pattern on the palm area. PLR features dry and wet grip, chemical resistance & Oil handling. SKU: PLR. Unit: Pair.","in stock","new","5.00 AED","https://www.xpertonecreative.com/products/vaultex-nitrile-gloves-length-33-cm/","https://www.xpertonecreative.com/assets/img/products/hand-protection/PLR.png","Xpertone Creative","Hand Protection > Chemical, PVC & Long-Cuff Gloves","Hand Protection","Chemical, PVC & Long-Cuff Gloves","Pair"
"LLR","Vaultex, Nitrile Gloves, Length - 38 cm","The LLR Nitrile Gloves are made of green nitrile synthetic rubber with a thickness of 0.38 mm, providing chemical resistance and an absorbent cotton flock lining. The gloves feature a raised diamond grip pattern in the palm area, ensuring a secure grip in wet and dry conditions. These gloves are available in sizes ranging from M to 2XL and conform to EN374-1:2016, EN374-5:2016, and EN388:2016 standards. SKU: LLR. Unit: Pair.","in stock","new","5.00 AED","https://www.xpertonecreative.com/products/vaultex-nitrile-gloves-length-38-cm/","https://www.xpertonecreative.com/assets/img/products/hand-protection/LLR.png","Xpertone Creative","Hand Protection > Chemical, PVC & Long-Cuff Gloves","Hand Protection","Chemical, PVC & Long-Cuff Gloves","Pair"
"USA","Vaultex, Nitrile Micro Foam Washed Coated Gloves","Nitrile Micro Foam Washed Coated Gloves is a made in Sri Lanka product from a well known brand Vaultex. The product features a 15 gauge knitted nylon/spandex liner, coated with micro nitrile foam and next-gen coating on REACH complaint. The gloves offer good grip in wet & dry conditions. It is laundered and packed, clean & ready to use. SKU: USA. Unit: Pair.","in stock","new","11.00 AED","https://www.xpertonecreative.com/products/vaultex-nitrile-micro-foam-washed-coated-gloves/","https://www.xpertonecreative.com/assets/img/products/hand-protection/USA.png","Xpertone Creative","Hand Protection > Nitrile-Coated Gloves","Hand Protection","Nitrile-Coated Gloves","Pair"
"AFH","Vaultex, Palm Coated Anti Vibration Gloves, Black Color","Anti-Vibration Gloves from Vaultex are crafted from fibre for good breathability & durability. It is designed to reduce the harm of hand vibration syndrome in the workplace. The palm area is coated with black foam latex. The product is also anti-slip, abrasion and puncture resistant. The gloves can be ideally used by individuals working in the mining, construction and manufacturing industries. SKU: AFH. Unit: Pair.","in stock","new","41.00 AED","https://www.xpertonecreative.com/products/vaultex-palm-coated-anti-vibration-gloves-black-color/","https://www.xpertonecreative.com/assets/img/products/hand-protection/AFH.png","Xpertone Creative","Hand Protection > Impact & Anti-Vibration Gloves","Hand Protection","Impact & Anti-Vibration Gloves","Pair"
"MLX","Vaultex, PVC+HPT Coated Gloves with Five Finger Screen Touch, Part No: MOBILE X","Hand Protection supplied by Xpertone Creative in Dubai and across the UAE. SKU: MLX. Unit: Dozen.","in stock","new","119.00 AED","https://www.xpertonecreative.com/products/vaultex-pvc-hpt-coated-gloves-with-five-finger-screen-touch-part-no-mobile-x/","https://www.xpertonecreative.com/assets/img/products/hand-protection/MLX.png","Xpertone Creative","Hand Protection > Chemical, PVC & Long-Cuff Gloves","Hand Protection","Chemical, PVC & Long-Cuff Gloves","Dozen"
"GKR","Vaultex, Short Driving Gloves","The GKR by Vaultex is a Short driving Glove. It is designed with Superior Goat Grain Leather Palm and Back, giving high performance, durability, & fine finish. In addition, GKR features tear resistance, wing thumb, Shirred Elastic Band Back For Slip-On & perfect fitting with red stitched lining. SKU: GKR. Unit: Pair.","in stock","new","11.00 AED","https://www.xpertonecreative.com/products/vaultex-short-driving-gloves-3/","https://www.xpertonecreative.com/assets/img/products/hand-protection/GKR.png","Xpertone Creative","Hand Protection > Leather, Driving & Welding Gloves","Hand Protection","Leather, Driving & Welding Gloves","Pair"
"EGY","Welding Gloves With Piping ,Red Color,Size:16 Inch","Hand Protection supplied by Xpertone Creative in Dubai and across the UAE. SKU: EGY. Unit: Dozen.","in stock","new","172.00 AED","https://www.xpertonecreative.com/products/welding-gloves-with-piping-red-color-size-16-inch/","https://www.xpertonecreative.com/assets/img/products/hand-protection/EGY.png","Xpertone Creative","Hand Protection > Leather, Driving & Welding Gloves","Hand Protection","Leather, Driving & Welding Gloves","Dozen"
"TZA","Welding Gloves Without Piping ,Red Color,Size:16 Inch","Hand Protection supplied by Xpertone Creative in Dubai and across the UAE. SKU: TZA. Unit: Dozen.","in stock","new","155.00 AED","https://www.xpertonecreative.com/products/welding-gloves-without-piping-red-color-size-16-inch/","https://www.xpertonecreative.com/assets/img/products/hand-protection/TZA.png","Xpertone Creative","Hand Protection > Leather, Driving & Welding Gloves","Hand Protection","Leather, Driving & Welding Gloves","Dozen"
"QUV","Workland, Mechanical Impact Gloves, Orange Color","Hand Protection supplied by Xpertone Creative in Dubai and across the UAE. SKU: QUV. Unit: Pair.","in stock","new","25.00 AED","https://www.xpertonecreative.com/products/mechanical-impact-gloves-red-color-1/","https://www.xpertonecreative.com/assets/img/products/hand-protection/QUV.png","Xpertone Creative","Hand Protection > Impact & Anti-Vibration Gloves","Hand Protection","Impact & Anti-Vibration Gloves","Pair"
"OVP","Absorbent Pillow, Size: 8""X12"", Part No: 2002","Hardware - Tools supplied by Xpertone Creative in Dubai and across the UAE. SKU: OVP. Unit: Pcs.","in stock","new","13.00 AED","https://www.xpertonecreative.com/products/absorbent-pillow-size-8-x12-part-no-2003/","https://www.xpertonecreative.com/assets/img/products/hardware-tools/OVP.png","Xpertone Creative","Hardware - Tools > Other","Hardware - Tools","Other","Pcs"
"EAO","Armstrong, Machinist Hammer with TPR Handle, Size: 800 gms","A machinist Hammer with TPR Handle is also known as a ball-peen hammer and can be easily identified by its two heads: one round and one flat. The tool has been traditionally used in metalworking however, you can also use it to strike punches and chisels, as well as round off edges on rivets. The product weighs 800 grams and comes in 24 pieces per carton. SKU: EAO. Unit: Pcs.","in stock","new","16.00 AED","https://www.xpertonecreative.com/products/armstrong-machinist-hammer-with-tpr-handle-size-800-gms/","https://www.xpertonecreative.com/assets/img/products/hardware-tools/EAO.png","Xpertone Creative","Hardware - Tools > Machinist Hammer","Hardware - Tools","Machinist Hammer","Pcs"
"BDQ","Armstrong, Sledge Hammer with TPR Handle, Weight: 8 Lbs","Another great tool that is a must in heavy duty work is a Sledgehammer with TPR Handle - 8 lbs. The product from the brand Armstrong is something you can trust on. It is made in China and every packaging contains 6 pieces per carton. Its attractive look and strong performance will assist you for a very long time. SKU: BDQ. Unit: Pcs.","in stock","new","54.00 AED","https://www.xpertonecreative.com/products/armstrong-sledge-hammer-with-tpr-handle-weight-8-lbs/","https://www.xpertonecreative.com/assets/img/products/hardware-tools/BDQ.png","Xpertone Creative","Hardware - Tools > Sledge Hammer","Hardware - Tools","Sledge Hammer","Pcs"
"VVL","Claw Hammer with Fiber Handle, 16 Oz, 500 Grams","Hardware - Tools supplied by Xpertone Creative in Dubai and across the UAE. SKU: VVL. Unit: Pcs.","in stock","new","9.00 AED","https://www.xpertonecreative.com/products/claw-hammer-with-fiber-handle-16-oz-500-grams/","https://www.xpertonecreative.com/assets/img/products/hardware-tools/VVL.png","Xpertone Creative","Hardware - Tools > Claw Hammer","Hardware - Tools","Claw Hammer","Pcs"
"PMM","Disposal Bag, Yellow Color, Size: 100Cm * 50Cm","Hardware - Tools supplied by Xpertone Creative in Dubai and across the UAE. SKU: PMM. Unit: Pcs.","in stock","new","6.00 AED","https://www.xpertonecreative.com/products/disposal-bag-yellow-color/","https://www.xpertonecreative.com/assets/img/products/hardware-tools/PMM.png","Xpertone Creative","Hardware - Tools > Other","Hardware - Tools","Other","Pcs"
"DMD","DMD Saw Blade, Size: 4"" Conti. RIM, Part No: DCN400","Hardware - Tools supplied by Xpertone Creative in Dubai and across the UAE. SKU: DMD. Unit: Pcs.","in stock","new","1.00 AED","https://www.xpertonecreative.com/products/dmd-saw-blade-size-4-conti-rim-part-no-dcn400/","https://www.xpertonecreative.com/assets/img/products/hardware-tools/DMD.png","Xpertone Creative","Hardware - Tools > TATA AGRICO","Hardware - Tools","TATA AGRICO","Pcs"
"FB1240","Fire Blanket, Size: 1.2 Mtr X 1.2 Mtr","In case of fire emergencies, being quick can make a lot of difference. If you come across such a situation, use a Fire Blanket that is made from 100% Fiberglass fabric. Its quick release tapes ensure that the blanket comes out fast and can be used to save an individual from burns. The wall mount design gives you easy accessibility. SKU: FB1240. Unit: Pcs.","in stock","new","23.00 AED","https://www.xpertonecreative.com/products/fire-blanket-size-1-2-mtr-x-1-2-mtr/","https://www.xpertonecreative.com/assets/img/products/hardware-tools/FB1240.png","Xpertone Creative","Hardware - Tools > Fire blanket","Hardware - Tools","Fire blanket","Pcs"
"FB12.1830","Fire Blanket, Size: 1.2 Mtr X 1.8 Mtr","The Fire Blanket is a safety tool designed to smother small fires or wrap around a person whose clothes have caught fire. This Fire Blanket is made of 100% Fibre Glass Fabric (0.5MM), a flame-retardant material that can withstand high temperatures. It measures 1.2M X 1.8M (4 Ft X 6 Ft) and has quick release pull tapes for easy access. The Fire Blanket comes with a wall-mount design. SKU: FB12.1830. Unit: Pcs.","in stock","new","35.00 AED","https://www.xpertonecreative.com/products/fire-blanket-size-1-2-mtr-x-1-8-mtr/","https://www.xpertonecreative.com/assets/img/products/hardware-tools/FB12.1830.png","Xpertone Creative","Hardware - Tools > Fire blanket","Hardware - Tools","Fire blanket","Pcs"
"FB18","Fire Blanket, Size: 1.8 Mtr X 1.8 Mtr","The FB18 is a fire blanket measuring 1.8m x 1.8m (6ft x 6ft), made of 100% Fiber Glass Fabric (0.5MM). It has quick release pull tapes for ease of use during an emergency. The blanket is designed for wall mounting and comes individually packed in a storage nylon pouch. The blanket can smother flames to prevent burn injuries or restrict the spread of a fire. SKU: FB18. Unit: Pcs.","in stock","new","46.00 AED","https://www.xpertonecreative.com/products/fire-blanket-size-1-8-mtr-x-1-8-mtr/","https://www.xpertonecreative.com/assets/img/products/hardware-tools/FB18.png","Xpertone Creative","Hardware - Tools > Fire blanket","Hardware - Tools","Fire blanket","Pcs"
"SOR","Milton, Water Bottle, 1 Ltr","Green Color Milton Water Bottle &ndash; 1 Liter is an insulated bottle to keep liquids cold. It is hygienic and odorless because it is crafted from food-grade PET (Polyethylene Terephthalate). The bottle features a narrow mouth for an easy sip, keeps leaks away. Its sturdy body is attached with a strap for convenient traveling. Every package includes 24 pieces per carton. SKU: SOR. Unit: Pcs.","in stock","new","32.00 AED","https://www.xpertonecreative.com/products/milton-water-bottle-1-ltr/","https://www.xpertonecreative.com/assets/img/products/hardware-tools/SOR.png","Xpertone Creative","Hardware - Tools > Water bottles","Hardware - Tools","Water bottles","Pcs"
"SEP","PVC Chain, Size: 6 Mm X 20 Meters, Red & White Color","Hardware - Tools supplied by Xpertone Creative in Dubai and across the UAE. SKU: SEP. Unit: Roll.","in stock","new","47.00 AED","https://www.xpertonecreative.com/products/pvc-chain-size-6-mm-x-20-meters-red-white-color/","https://www.xpertonecreative.com/assets/img/products/hardware-tools/SEP.png","Xpertone Creative","Hardware - Tools > Other","Hardware - Tools","Other","Roll"
"FAB","PVC Chain, Size: 8 Mm X 20 Meters, Red & White Color","Hardware - Tools supplied by Xpertone Creative in Dubai and across the UAE. SKU: FAB. Unit: Roll.","in stock","new","66.00 AED","https://www.xpertonecreative.com/products/pvc-chain-size-8-mm-x-20-meters-red-white-color/","https://www.xpertonecreative.com/assets/img/products/hardware-tools/FAB.png","Xpertone Creative","Hardware - Tools > Other","Hardware - Tools","Other","Roll"
"ADD","Scafolding Tags, 10 Holder + 2 Marker","Make your workplace and machinery safer to use with Scaffolding Tags. This item will help you and your workers to know whether scaffolding has been tested and is safe to use or not. It has been crafted in India and features 10 pieces holder with 2 markers, making work more efficient and less time-consuming. There is 20 mono per carton. SKU: ADD. Unit: Mono.","in stock","new","33.00 AED","https://www.xpertonecreative.com/products/scafolding-tags-10-holder-2-marker-1/","https://www.xpertonecreative.com/assets/img/products/hardware-tools/ADD.png","Xpertone Creative","Hardware - Tools > Safety Tag","Hardware - Tools","Safety Tag","Mono"
"JCR","Scafolding Tags, 10 Holders + 2 Marker","Want to alert workers about the scaffolding along with worksite policies and related safety information? If yes, then Scaffolding Tags (Economic) will come in handy. The product features 10 sets or tags with 2 pieces markers to make it easy to mark the tag once it is inspected. Every packaging includes 20 mono per carton. SKU: JCR. Unit: Mono.","in stock","new","29.00 AED","https://www.xpertonecreative.com/products/scafolding-tags-10-holders-2-marker/","https://www.xpertonecreative.com/assets/img/products/hardware-tools/JCR.png","Xpertone Creative","Hardware - Tools > Safety Tag","Hardware - Tools","Safety Tag","Mono"
"HHR","SCI, Cargo Lashing, Size: 2"" X 3T X 10M","Width - 50mm ( 2inches ) Length - 10 Meters Capacity - 3 Tons ( 2721.55 kg ) Safety Factor - 2:1 Manufactured to - EN-12195-2:2000 ISO4878 , CE & GS Certified Webbing - 100% Polyester SKU: HHR. Unit: PCS.","in stock","new","30.00 AED","https://www.xpertonecreative.com/products/sci-cargo-lashing-size-2-x-3t-x-10m/","https://www.xpertonecreative.com/assets/img/products/hardware-tools/HHR.png","Xpertone Creative","Hardware - Tools > 2 INCH X 3 TONS X 10 METERS","Hardware - Tools","2 INCH X 3 TONS X 10 METERS","PCS"
"TCT","TCT Blade, Size: 4"" & 30 Teeth, Part No: TCN430","Hardware - Tools supplied by Xpertone Creative in Dubai and across the UAE. SKU: TCT. Unit: Pcs.","in stock","new","2.00 AED","https://www.xpertonecreative.com/products/tct-blade-size-4-30-teeth-part-no-tcn430/","https://www.xpertonecreative.com/assets/img/products/hardware-tools/TCT.png","Xpertone Creative","Hardware - Tools > TATA AGRICO","Hardware - Tools","TATA AGRICO","Pcs"
"TCB","TCT Blade, Size: 4"" & 40 Teeth, Part No: TCN440","Hardware - Tools supplied by Xpertone Creative in Dubai and across the UAE. SKU: TCB. Unit: Pcs.","in stock","new","2.00 AED","https://www.xpertonecreative.com/products/tct-blade-size-4-40-teeth-part-no-tcn440/","https://www.xpertonecreative.com/assets/img/products/hardware-tools/TCB.png","Xpertone Creative","Hardware - Tools > TATA AGRICO","Hardware - Tools","TATA AGRICO","Pcs"
"RAB","Vaultex, 7:1, 2 Ply Polyester Webbing Sling, 75MM 3T*3M, Yellow Color","2 Ply Polyester Webbing Sling (3T X 3M) bring yellow colour will certainly interest people who are looking for workplace safety along with durability. The hue is easy to spot and the safety factor of 7:1 only adds to the convenience. Its flexible material protects loads from scratching and crushing. It is an ideal item to be used in the logistics, construction, cargo, transportation industry. SKU: RAB. Unit: Pcs.","in stock","new","46.00 AED","https://www.xpertonecreative.com/products/vaultex-7-1-2-ply-polyester-webbing-sling-75mm-3t-3m-yellow-color/","https://www.xpertonecreative.com/assets/img/products/hardware-tools/RAB.png","Xpertone Creative","Hardware - Tools > 2 PLY 7:1","Hardware - Tools","2 PLY 7:1","Pcs"
"HED","Vaultex, Reflective Tape, 2 Inch, Grey Color, 300 Mtrs","Hardware - Tools supplied by Xpertone Creative in Dubai and across the UAE. SKU: HED. Unit: Pcs.","in stock","new","78.00 AED","https://www.xpertonecreative.com/products/vaultex-reflective-tape-2-inch-grey-color-300-mtrs/","https://www.xpertonecreative.com/assets/img/products/hardware-tools/HED.png","Xpertone Creative","Hardware - Tools > 2 Inch","Hardware - Tools","2 Inch","Pcs"
"RGO","Vaultex, Reflective Tape, 2 Inch, Orange & Grey Color, 100 Meters","2 Inch Reflective Tape - 100 meters can be ideally used in low doorways, objects, and surfaces like entryways to garden sheds, garage doors, decorations, chandeliers, pipes, stairway steps, and the like at head height. It can help in avoiding serious head injuries and for that, all you have to do is apply the tape on such surfaces. SKU: RGO. Unit: Roll.","in stock","new","45.00 AED","https://www.xpertonecreative.com/products/vaultex-reflective-tape-2-inch-orange-grey-color-100-meters/","https://www.xpertonecreative.com/assets/img/audit-mockups/RGO.jpg","Xpertone Creative","Hardware - Tools > 2 Inch","Hardware - Tools","2 Inch","Roll"
"RGG","Vaultex, Reflective Tape, 2 Inch, Yellow & Grey Color, 100 Meters","2 Inch Reflective Tape - 100 meters from the well-known brand Vaultex features a yellow/grey colour. It can be ideally used on walking passages to ensure safety during power outages. When applied to sidewalks, hallways, passageways, signs, mailboxes, or roadside fences, it is hard to miss them. There are 20 rolls per carton in every package. SKU: RGG. Unit: Roll.","in stock","new","45.00 AED","https://www.xpertonecreative.com/products/vaultex-reflective-tape-2-inch-yellow-grey-color-100-meters/","https://www.xpertonecreative.com/assets/img/products/hardware-tools/RGG.png","Xpertone Creative","Hardware - Tools > 2 Inch","Hardware - Tools","2 Inch","Roll"
"RFC","Workland, Double Side Printed Warning Tape; Size: 35 mic x 7 cm x 250 Mtrs; Green & White Color","A simple yet effective way to keep people from going in a certain direction, The RFC Double Sided Printed Warning Tape manufactured by Vaultex is a non-adhesive tape that has been proven to be durable and will last for a long time. In order to use this product, simply peel off the paper backing and stick it on the surface that you want to block off. This tape is easily removable, so you can also take it off if you need to. This product is not a permanent solution and is not intended to be used as such. SKU: RFC. Unit: Pcs.","in stock","new","15.00 AED","https://www.xpertonecreative.com/products/vaultex-double-side-printed-warning-tape-size-35-mic-x-7-cm-x-250-mtrs-green-white-color/","https://www.xpertonecreative.com/assets/img/products/hardware-tools/RFC.png","Xpertone Creative","Hardware - Tools > Warning tape","Hardware - Tools","Warning tape","Pcs"
"ESN","Workland, Chipping Hammer with Fiber Handle, 16 Oz, 500 Grams","Hardware - Tools supplied by Xpertone Creative in Dubai and across the UAE. SKU: ESN. Unit: Pcs.","in stock","new","16.00 AED","https://www.xpertonecreative.com/products/workland-chipping-hammer-with-fiber-handle-16-oz-500-grams/","https://www.xpertonecreative.com/assets/img/products/hardware-tools/ESN.png","Xpertone Creative","Hardware - Tools > Other","Hardware - Tools","Other","Pcs"
"KDL","Workland, Double Side Printed Warning Tape, Red & White Color, Size: 35 mic x 7 cm x 500 Meters","KDL Warning Tape has a vibrant, highly visible red and white stripe pattern, and is specifically designed to be used as a deterrent to trespassers. The tape is easy to install and remove, and is the perfect solution for those who want to deter unwanted visitors from entering their property. SKU: KDL. Unit: Pcs.","in stock","new","25.00 AED","https://www.xpertonecreative.com/products/vaultex-double-side-printed-shrink-packing-warning-tape-red-white-color-size-35-mic-x-7-cm/","https://www.xpertonecreative.com/assets/img/products/hardware-tools/KDL.png","Xpertone Creative","Hardware - Tools > Warning tape","Hardware - Tools","Warning tape","Pcs"
"NGR","Workland, Double Side Printed Warning Tape, Size: 35 mic x 7 cm x 250 Mtrs, Blue & White Color","NGR is Blue and White Warning Tape Manufactured by Vaultex. It is strong, Durable and non-adhesive. Warning tape is an inexpensive way to create a safe environment for your employees and customers. The key is to make sure that visitors, workers, and contractors are aware of any hazards in the area. A great way to do this is with bright, eye-catching warning tape. It can be used to mark off hazards, warn of any dangers, and designate no-go zones. Our tape can be cut to any length and sticks to most surfaces. SKU: NGR. Unit: Pcs.","in stock","new","15.00 AED","https://www.xpertonecreative.com/products/vaultex-double-side-printed-warning-tape-size-35-mic-x-7-cm-x-250-mtrs-blue-white-color/","https://www.xpertonecreative.com/assets/img/products/hardware-tools/NGR.png","Xpertone Creative","Hardware - Tools > Warning tape","Hardware - Tools","Warning tape","Pcs"
"IAV","Workland, Machinist Hammer with Fiber Handle, 1000 Grams","Hardware - Tools supplied by Xpertone Creative in Dubai and across the UAE. SKU: IAV. Unit: Pcs.","in stock","new","21.00 AED","https://www.xpertonecreative.com/products/workland-machinist-hammer-with-fiber-handle-1000-grams/","https://www.xpertonecreative.com/assets/img/products/hardware-tools/IAV.png","Xpertone Creative","Hardware - Tools > Other","Hardware - Tools","Other","Pcs"
"PSC","Workland, Machinist Hammer with Fiber Handle, 2000 Grams","Hardware - Tools supplied by Xpertone Creative in Dubai and across the UAE. SKU: PSC. Unit: Pcs.","in stock","new","32.00 AED","https://www.xpertonecreative.com/products/orkland-machinist-hammer-with-fiber-handle-2000-grams/","https://www.xpertonecreative.com/assets/img/products/hardware-tools/PSC.png","Xpertone Creative","Hardware - Tools > Other","Hardware - Tools","Other","Pcs"
"QER","Workland, Sledge Hammer with Fiber Handle, 2 Lb","Hardware - Tools supplied by Xpertone Creative in Dubai and across the UAE. SKU: QER. Unit: Pcs.","in stock","new","19.00 AED","https://www.xpertonecreative.com/products/workland-sledge-hammer-with-fiber-handle-2-lb/","https://www.xpertonecreative.com/assets/img/products/hardware-tools/QER.png","Xpertone Creative","Hardware - Tools > Other","Hardware - Tools","Other","Pcs"
"JOK","Workland, Sledge Hammer with Fiber Handle,14LB","Hardware - Tools supplied by Xpertone Creative in Dubai and across the UAE. SKU: JOK. Unit: Pcs.","in stock","new","80.00 AED","https://www.xpertonecreative.com/products/workland-sledge-hammer-with-fiber-handle/","https://www.xpertonecreative.com/assets/img/products/hardware-tools/JOK.png","Xpertone Creative","Hardware - Tools > Other","Hardware - Tools","Other","Pcs"
"HND","Honeywell, Bilsom 304L-IB EarPlugs, Disposable Type, Part No: 1000106IB-EN","Hearing & Respiratory supplied by Xpertone Creative in Dubai and across the UAE. SKU: HND. Unit: Mono.","in stock","new","213.00 AED","https://www.xpertonecreative.com/products/honeywell-bilsom-304l-ib-earplugs-disposable-type-part-no-1000106ib-en/","https://www.xpertonecreative.com/assets/img/products/hearing-respiratory/HND.png","Xpertone Creative","Hearing & Respiratory > Earplugs","Hearing & Respiratory","Earplugs","Mono"
"USD","Howard Leight by Honeywell, Earplug with Cord, Bilsom 304L, Part No: 1000106","Bilsom 304L Corded Earplug (1000106) from the brand Honeywell is crafted from Polyurethane soft foam. The material enables easy insertion and delivers superior long-term wearing comfort and solid performance. Smooth, soil-resistant skin prevents dirt or other substances from accumulating on skin or entering the ear canal. It blocks out loud noise while giving the best protection and comfort. SKU: USD. Unit: 100 Pairs Per Mono.","in stock","new","114.00 AED","https://www.xpertonecreative.com/products/howard-leight-by-honeywell-earplug-with-cord-bilsom-304l-part-no-1000106/","https://www.xpertonecreative.com/assets/img/products/hearing-respiratory/USD.png","Xpertone Creative","Hearing & Respiratory > Earplugs","Hearing & Respiratory","Earplugs","100 Pairs Per Mono"
"LUC","Howard Leight by Honeywell, Uncorded Earplug, Laser Lite, Part No: 3301105","Laser Lite Uncorded Single Use Earplug (3301105) from the brand Honeywell features vibrant colors, making protection fun and highly visible. The self-adjusting foam adjusts to fit virtually every wearer. The earplugs also feature a contoured T-shape that aids in insertion and removal from the ear canal. The low-pressure foam expands gently in the ear canal for comfortable long term wear. SKU: LUC. Unit: 100 Pairs Per Mono.","in stock","new","111.00 AED","https://www.xpertonecreative.com/products/howard-leight-by-honeywell-uncorded-earplug-laser-lite-part-no-3301105/","https://www.xpertonecreative.com/assets/img/products/hearing-respiratory/LUC.png","Xpertone Creative","Hearing & Respiratory > Earplugs","Hearing & Respiratory","Earplugs","100 Pairs Per Mono"
"HFM","North by Honeywell, 5500 Series Industrial Half Face Mask, Part No: 550030M","North 5500 series half mask converts to PAPR or supplied-air respirator. It is latex-free. The lower head straps are adjustable accordingly, whereas the upper head straps provide secure support. Extra padding is in the sealing areas for better comfort and support. There is more support around the chin area and more flexibility on the nose bridge. The sealing area is widened and contoured for a great fit. SKU: HFM. Unit: Pcs.","in stock","new","82.00 AED","https://www.xpertonecreative.com/products/north-by-honeywell-5500-series-industrial-half-face-mask-part-no-550030m/","https://www.xpertonecreative.com/assets/img/products/hearing-respiratory/HFM.png","Xpertone Creative","Hearing & Respiratory > Reusable Half Masks","Hearing & Respiratory","Reusable Half Masks","Pcs"
"COP","North by Honeywell, Organic Vapour & Acid Gas Respirator Cartridge, Part No: N75003L","Organic Vapor / Acid Gas Respirator Low Profile Cartridge. These Honeywell North Safety respirators are NIOSH approved. They are great for use against organic vapors and acid gasses, such as chlorine, hydrogen chloride, sulfur dioxide, hydrogen fluoride, hydrogen sulfide and chlorine dioxide. This article comes in a set. If you order a carton, there will be 18 sets. These respirators are manufactured in Mexico. SKU: COP. Unit: Set.","in stock","new","39.00 AED","https://www.xpertonecreative.com/products/north-by-honeywell-organic-vapour-acid-gas-respirator-cartridge-part-no-n75003l/","https://www.xpertonecreative.com/assets/img/products/hearing-respiratory/COP.png","Xpertone Creative","Hearing & Respiratory > Respirator Filters & Cartridges","Hearing & Respiratory","Respirator Filters & Cartridges","Set"
"HRK","North Safety by Honeywell, Multi Purpose Gas & Vapour Respirator Cartridge, Part No: 75SCL","Multi-Purpose Gas & Vapour Respirator Cartridges from the brand North by Honeywell is an ideal organic vapor. It offers protection against Chlorine, Hydrogen Chloride, Sulfer Dioxide, Hydrogen Sulfide (Escape), Hydrogen Fluoride, Chlorine Dioxide, Ammonia, Methylamine and Formaldehyde. You can stay safe while you work and not worry about getting irritated by these fumes. There are 18 sets in every carton. SKU: HRK. Unit: Set.","in stock","new","71.00 AED","https://www.xpertonecreative.com/products/north-safety-by-honeywell-multi-purpose-gas-vapour-respirator-cartridge-part-no-75scl/","https://www.xpertonecreative.com/assets/img/products/hearing-respiratory/HRK.png","Xpertone Creative","Hearing & Respiratory > Respirator Filters & Cartridges","Hearing & Respiratory","Respirator Filters & Cartridges","Set"
"QBP","SCI, Dust Mask, 140 Gms","This dust mask is a cup-type disposable mask designed to protect you from harmful dust and other particles in the air. The show is lightweight and comfortable, making it easy to wear for extended periods. The adjustable nose clip ensures a tight seal, protecting against dust and other airborne contaminants. SKU: QBP. Unit: 50 Pcs Per Mono.","in stock","new","20.00 AED","https://www.xpertonecreative.com/products/sci-dust-mask-140-gms/","https://www.xpertonecreative.com/assets/img/products/hearing-respiratory/QBP.png","Xpertone Creative","Hearing & Respiratory > Disposable Respirators & Dust Masks","Hearing & Respiratory","Disposable Respirators & Dust Masks","50 Pcs Per Mono"
"ABH","Vaultex Ultra Pro, A1 Filter for Dual Filter Half Mask, Part No: V-7800","Hearing & Respiratory supplied by Xpertone Creative in Dubai and across the UAE. SKU: ABH. Unit: Set.","in stock","new","29.00 AED","https://www.xpertonecreative.com/products/vaultex-ultra-pro-a1-filter-for-dual-filter-half-mask-part-no-v-7800/","https://www.xpertonecreative.com/assets/img/products/hearing-respiratory/ABH.png","Xpertone Creative","Hearing & Respiratory > Respirator Filters & Cartridges","Hearing & Respiratory","Respirator Filters & Cartridges","Set"
"RKV","Vaultex Ultra Pro, ABEK1 Filter for Dual Filter Half Mask, Part No: V-7800","Hearing & Respiratory supplied by Xpertone Creative in Dubai and across the UAE. SKU: RKV. Unit: Set.","in stock","new","50.00 AED","https://www.xpertonecreative.com/products/vaultex-ultra-pro-abek1-filter-for-dual-filter-half-mask-part-no-v-7800/","https://www.xpertonecreative.com/assets/img/products/hearing-respiratory/RKV.png","Xpertone Creative","Hearing & Respiratory > Respirator Filters & Cartridges","Hearing & Respiratory","Respirator Filters & Cartridges","Set"
"VPC","Vaultex, Corded Earplug","Corded Ear Plug from the brand Vaultex is crafted from soft, hypoallergenic PU foam material. The red PVC cord offers convenience and also prevents the loss of earplugs. The tapered design of the plugs offers easy insertion and removal. It gently expands and self adjusts to all sizes of ear canals. The wearer gets excellent noise reduction. SKU: VPC. Unit: 100 Pairs Per Mono.","in stock","new","86.00 AED","https://www.xpertonecreative.com/products/vaultex-corded-earplug/","https://www.xpertonecreative.com/assets/img/products/hearing-respiratory/VPC.png","Xpertone Creative","Hearing & Respiratory > Earplugs","Hearing & Respiratory","Earplugs","100 Pairs Per Mono"
"NDG","Vaultex, Earmuff, SNR 31 db, Part No: FM-1","The NDG Insulated Plastic Earmuff is an industrial-grade hearing protection device designed to offer excellent noise reduction, with an SNR of 31dB. The earmuff features a wide, soft cushion that is easily disassembled for cleaning and an adjustable headband made of dielectric, industrial-grade composite material. The earmuff is designed to be compatible with other personal protective equipment and offers no direct air leaks into the ear cup for higher attenuation. SKU: NDG. Unit: Pcs.","in stock","new","30.00 AED","https://www.xpertonecreative.com/products/vaultex-earmuff-snr-31-db-part-no-fm-1/","https://www.xpertonecreative.com/assets/img/products/hearing-respiratory/NDG.png","Xpertone Creative","Hearing & Respiratory > Earmuffs","Hearing & Respiratory","Earmuffs","Pcs"
"BPK","Vaultex, FFP2 Respirator Flat Fold Type with Valve","The BPK FFP2 Particulate Flat Fold Respirator with Valve is a 4-layered mask made from non-woven, melt-blown fabric and a polyester shell in black color. It is anti-bacterial, anti-fog, anti-dust, and anti-droplets. The show has latex-free extra soft welded earloops to prevent fatigue and irritation and an adjustable M nose clip for better fitting. SKU: BPK. Unit: 20 Pcs Per Mono.","in stock","new","46.00 AED","https://www.xpertonecreative.com/products/vaultex-ffp2-respirator-flat-fold-type-with-valve/","https://www.xpertonecreative.com/assets/img/products/hearing-respiratory/BPK.png","Xpertone Creative","Hearing & Respiratory > Disposable Respirators & Dust Masks","Hearing & Respiratory","Disposable Respirators & Dust Masks","20 Pcs Per Mono"
"FUN","Vaultex, FFP2 Respirator with Valve, Part No: 821V","Particulate Respirator (FFP2) features an adjustable M-nose clip, latex-free headbands and dual point moulded headband attachment. The shell is crafted from polyester and the nose clip is made from aluminium. This respirator contains no components made from natural rubber latex. The raw material is globally sourced and can be used against solid particulates and liquid mists. You can replace the respirator when it becomes dirty, damaged or makes breathing difficult. SKU: FUN. Unit: 10 Pcs Per Mono.","in stock","new","25.00 AED","https://www.xpertonecreative.com/products/vaultex-ffp2-respirator-with-valve-part-no-821v/","https://www.xpertonecreative.com/assets/img/products/hearing-respiratory/FUN.png","Xpertone Creative","Hearing & Respiratory > Disposable Respirators & Dust Masks","Hearing & Respiratory","Disposable Respirators & Dust Masks","10 Pcs Per Mono"
"CAT","Vaultex, FFP2 Respirator with Valve, Part No: 823V","Non &ndash;Medical FFP2 Respirator with Valve (823V) originates from China and complies with EN149:2001 + A1:2009 standards. The cup type particulate respirator comes with 1 way exhalation valve. It is compatible with a variety of eyewear and hearing protection, making it an ideal mask when at the workplace. The respirator is welded with the latex-free elastic head strap. SKU: CAT. Unit: 10 Pcs Per Mono.","in stock","new","25.00 AED","https://www.xpertonecreative.com/products/vaultex-ffp2-respirator-with-valve-part-no-823v/","https://www.xpertonecreative.com/assets/img/products/hearing-respiratory/CAT.png","Xpertone Creative","Hearing & Respiratory > Disposable Respirators & Dust Masks","Hearing & Respiratory","Disposable Respirators & Dust Masks","10 Pcs Per Mono"
"MAP","Vaultex, FFP2 Respirator with Valve, Part No: 828V","Non-Medical FFP2 Respirator with Valve (828V) from Vaultex features cup type particulate respirator with Valve. It has an adjustable nose clip with a PVC nose seal. The product is compatible with a variety of eyewear & hearing protection. You also get a butterfly clip attachment & elastic head strap. There are 10 pieces per mono and 20 mono per carton. SKU: MAP. Unit: 10 Pcs Per Mono.","in stock","new","32.00 AED","https://www.xpertonecreative.com/products/vaultex-ffp2-respirator-with-valve-part-no-828v/","https://www.xpertonecreative.com/assets/img/products/hearing-respiratory/MAP.png","Xpertone Creative","Hearing & Respiratory > Disposable Respirators & Dust Masks","Hearing & Respiratory","Disposable Respirators & Dust Masks","10 Pcs Per Mono"
"HIT","Vaultex, FFP2 Respirator, Part No: 823","FFP2 Cup Shaped Respirator (Non-Medical) from the brand Vaultex features a dual elasticated welded head strap and a soft nose foam. The product is compatible with a variety of protective eyewear and hearing protection. This way, you can work more efficiently and with the least amount of distractions, knowing that your face and hearing is safe. It can be used by people working in various operations. SKU: HIT. Unit: 20 Pcs Per Mono.","in stock","new","34.00 AED","https://www.xpertonecreative.com/products/vaultex-ffp2-respirator-part-no-823/","https://www.xpertonecreative.com/assets/img/products/hearing-respiratory/HIT.png","Xpertone Creative","Hearing & Respiratory > Disposable Respirators & Dust Masks","Hearing & Respiratory","Disposable Respirators & Dust Masks","20 Pcs Per Mono"
"VMK","Vaultex, KN95 Respirator With Valve, Cup Type, Non-Medical Use","VMK by vaultex is a K95 Cup-shaped Particulate Respirator with a valve. It is manufactured with QC pass following quality & hygiene standards. It is crafted with an Adjustable Nose Clip, Dual- Elasticated Welded Head Strap, Soft nose foam that makes it comfortable to wear. This mask can be worn with a variety of protective eyewear & hearing protection. In addition, VMK comes with a One-Way Exhalation Valve. SKU: VMK. Unit: 10 Pcs Per Mono.","in stock","new","24.00 AED","https://www.xpertonecreative.com/products/vaultex-kn95-respirator-with-valve-cup-type-non-medical-use/","https://www.xpertonecreative.com/assets/img/products/hearing-respiratory/VMK.png","Xpertone Creative","Hearing & Respiratory > Disposable Respirators & Dust Masks","Hearing & Respiratory","Disposable Respirators & Dust Masks","10 Pcs Per Mono"
"VPU","Vaultex, Uncorded Earplug","Are you looking for uncorded earplugs that provide a comfortable seal without pressure? If yes, then you must invest in Vaultex&rsquo;s Uncorded Ear Plug. The soft, hypoallergenic PU foam material offers excellent noise reduction and the tapered design offers easy insertion and removal. The smooth surface remains dirt-free, giving you utmost hygiene. The pair is packed in an individual polybag. SKU: VPU. Unit: 200 Pairs Per Mono.","in stock","new","90.00 AED","https://www.xpertonecreative.com/products/vaultex-uncorded-earplug/","https://www.xpertonecreative.com/assets/img/products/hearing-respiratory/VPU.png","Xpertone Creative","Hearing & Respiratory > Earplugs","Hearing & Respiratory","Earplugs","200 Pairs Per Mono"
"V-CN95","Venus, Respirator Mask, Cup Style","Hearing & Respiratory supplied by Xpertone Creative in Dubai and across the UAE. SKU: V-CN95. Unit: Mono.","in stock","new","36.00 AED","https://www.xpertonecreative.com/products/venus-n95-mask-cup-style/","https://www.xpertonecreative.com/assets/img/products/clean-reference/hearing-respiratory/V-CN95.webp?v=20260916exact","Xpertone Creative","Hearing & Respiratory > Disposable Respirators & Dust Masks","Hearing & Respiratory","Disposable Respirators & Dust Masks","Mono"
"ACB","Armstrong, Chin Strap with Cup, Blue & White Color","Head Protection supplied by Xpertone Creative in Dubai and across the UAE. SKU: ACB. Unit: Pcs.","in stock","new","21.00 AED","https://www.xpertonecreative.com/products/armstrong-chin-strap-with-cup-blue-white-color/","https://myodfvshmusywmhdozwt.supabase.co/storage/v1/object/public/product-photos/ACB/1789068627285-ACB.jpg","Xpertone Creative","Head Protection > Helmet Accessories","Head Protection","Helmet Accessories","Pcs"
"KEH","Bump Cap, D2065","Head Protection supplied by Xpertone Creative in Dubai and across the UAE. SKU: KEH. Unit: Pcs.","in stock","new","35.00 AED","https://www.xpertonecreative.com/products/bump-cap-d2065/","https://myodfvshmusywmhdozwt.supabase.co/storage/v1/object/public/product-photos/KEH/1789068017490-KEH.png","Xpertone Creative","Head Protection > Bump Caps","Head Protection","Bump Caps","Pcs"
"JHM","Bump Cap, Part No: HP1000","Head Protection supplied by Xpertone Creative in Dubai and across the UAE. SKU: JHM. Unit: Pcs.","in stock","new","34.00 AED","https://www.xpertonecreative.com/products/bump-cap-part-no-hp1000/","https://myodfvshmusywmhdozwt.supabase.co/storage/v1/object/public/product-photos/JHM/1789068034085-JHM.png","Xpertone Creative","Head Protection > Bump Caps","Head Protection","Bump Caps","Pcs"
"ESO","Bump Cap, Part No: HP1001","Head Protection supplied by Xpertone Creative in Dubai and across the UAE. SKU: ESO. Unit: Pcs.","in stock","new","34.00 AED","https://www.xpertonecreative.com/products/bump-cap-part-no-hp1001/","https://myodfvshmusywmhdozwt.supabase.co/storage/v1/object/public/product-photos/ESO/1789068049307-ESO.png","Xpertone Creative","Head Protection > Bump Caps","Head Protection","Bump Caps","Pcs"
"CDA","Bump Cap, Part No: HP1002","Head Protection supplied by Xpertone Creative in Dubai and across the UAE. SKU: CDA. Unit: Pcs.","in stock","new","34.00 AED","https://www.xpertonecreative.com/products/bump-cap-part-no-hp1002/","https://myodfvshmusywmhdozwt.supabase.co/storage/v1/object/public/product-photos/CDA/1789068064761-CDA.png","Xpertone Creative","Head Protection > Bump Caps","Head Protection","Bump Caps","Pcs"
"KPY","Face Shield","This Face Shield is a great product if you are looking for protection against droplets and dust. It can be used at your place of work or anywhere else you seek this kind of protection. The lens does not fog and its adjustable elastic head strap can adjust to any head size without causing discomfort. The product is extremely lightweight. SKU: KPY. Unit: Pcs.","in stock","new","20.00 AED","https://www.xpertonecreative.com/products/vaultex-face-shield/","https://www.xpertonecreative.com/assets/img/products/clean-reference/helmets/KPY.webp?v=20260916exact","Xpertone Creative","Head Protection > Face Shields & Windows","Head Protection","Face Shields & Windows","Pcs"
"MRO","Fibre Metal by Honeywell, Face Shield Window, Part No: 4178CL","Injection moulded from propionate and pre-formed at the factory, Honeywell&rsquo;s Fibre-Metal 4178CL Face Shield Window offers high performance. It is exactly curved like our crown that allows easy installation, creating a perfect fit and seal against dust, dirt and debris. Its .060&rdquo; thickness provides an extra margin of protection compared to an ordinary .04&rdquo; thick window. It protects the user&rsquo;s eyes and face from flying debris, particles etc. SKU: MRO. Unit: Pcs.","in stock","new","35.00 AED","https://www.xpertonecreative.com/products/fibre-metal-by-honeywell-face-shield-window-part-no-4178cl/","https://myodfvshmusywmhdozwt.supabase.co/storage/v1/object/public/product-photos/MRO/1789068092590-MRO.png","Xpertone Creative","Head Protection > Face Shields & Windows","Head Protection","Face Shields & Windows","Pcs"
"PNB","North by Honeywell, Welding Helmet Gamador, Size: 51x108 Unassembled X10, Part No: 810404.74","SLOVAKIA MADE This Focus Holland Gamador Welding Helmet is intended to provide maximum protection during intense welding activities. It's made of PA6 polyamide thermoplastic, which has flame-retardant and reinforcing additives. With exceptional dimensional stability under heat, this helmet can be relied upon. When exposed to heat, it is flame-retardant and heat resistant up to 400 degrees Fahrenheit, with no dripping off or residual burning of the shell. SKU: PNB. Unit: Pcs.","in stock","new","107.00 AED","https://www.xpertonecreative.com/products/north-by-honeywell-welding-helmet-gamador-size-51x108-unassembled-x10-part-no-810404-74/","https://myodfvshmusywmhdozwt.supabase.co/storage/v1/object/public/product-photos/PNB/1789068105747-PNB.png","Xpertone Creative","Head Protection > Welding Helmets","Head Protection","Welding Helmets","Pcs"
"GOA","Unassemble Face Shield with Eyewear Frame","Are you in search of a Face Shield With Eyewear Frame? Then this is the product that you can benefit from. The face shield comes unassembled. Its design is such that it offers great protection against droplets and dust. Being lightweight, doesn&rsquo;t put unnecessary pressure or weight on your face that you might get uncomfortable with. SKU: GOA. Unit: Pcs.","in stock","new","21.00 AED","https://www.xpertonecreative.com/products/unassemble-face-shield-with-eyewear-frame/","https://myodfvshmusywmhdozwt.supabase.co/storage/v1/object/public/product-photos/GOA/1789068120678-GOA.png","Xpertone Creative","Head Protection > Face Shields & Windows","Head Protection","Face Shields & Windows","Pcs"
"LGB","Vaultex Lite, Safety Helmet with Chin Strap","The LGB Safety Helmet manufactured by VAULTEX is the ultimate fit for the professionals to ensure head protection at the workplace. With a High Point Polyethylene shell and soft Foam sweatband it is the perfect option for all weather conditions.These are designed to provide you with the best protection when working in high-risk environments .Our 6 point design offers a comfortable headband, multiple color options, and your brand logo customization. SKU: LGB. Unit: Pcs.","in stock","new","25.00 AED","https://www.xpertonecreative.com/products/vaultex-lite-safety-helmet-with-chin-strap/","https://myodfvshmusywmhdozwt.supabase.co/storage/v1/object/public/product-photos/LGB/1789068914232-LGB.png","Xpertone Creative","Head Protection > Industrial Safety Helmets","Head Protection","Industrial Safety Helmets","Pcs"
"ORT","Vaultex, Vented Helmet with Textile Suspension","Head Protection supplied by Xpertone Creative in Dubai and across the UAE. SKU: ORT. Unit: Pcs.","in stock","new","26.00 AED","https://www.xpertonecreative.com/products/vaultex-vented-helmet-with-textile-suspension-1/","https://myodfvshmusywmhdozwt.supabase.co/storage/v1/object/public/product-photos/ORT/1789068953621-ORT.png","Xpertone Creative","Head Protection > Industrial Safety Helmets","Head Protection","Industrial Safety Helmets","Pcs"
"ADC","Vaultex, Bump Cap","Are you looking for good quality caps that will keep your head covered and add style to your attire? If yes, then bump cap from Vaultex will certainly interest you. The product has been crafted in China and is available in an array of colours, such as black, green, grey, navy blue, orange, pink, red, royal blue, yellow. SKU: ADC. Unit: Pcs.","in stock","new","31.00 AED","https://www.xpertonecreative.com/products/vaultex-bump-cap/","https://myodfvshmusywmhdozwt.supabase.co/storage/v1/object/public/product-photos/ADC/1789068977951-ADC.png","Xpertone Creative","Head Protection > Bump Caps","Head Protection","Bump Caps","Pcs"
"VHRT","Vaultex, Helmet Ratchet Type with Textile Suspension","VHRT Ratchet safety helmets are made of the highest quality materials and manufactured by the skilled professionals VAULTEX. Durable and lightweight, our helmets offer you a comfortable and convenient way to stay safe on the job. With a wide variety of colors to choose from, you're sure to find one that suits your needs. With High Point Polyethylene shell and soft Foam sweatband it is the perfect option for all weather conditions SKU: VHRT. Unit: Pcs.","in stock","new","27.00 AED","https://www.xpertonecreative.com/products/vaultex-helmet-ratchet-type-with-textile-suspension/","https://myodfvshmusywmhdozwt.supabase.co/storage/v1/object/public/product-photos/VHRT/1789069237665-VHRT.png","Xpertone Creative","Head Protection > Industrial Safety Helmets","Head Protection","Industrial Safety Helmets","Pcs"
"VHVR","Vaultex, Helmet Ratchet Type with Ventilation","VHVR Ratchet safety helmets are made of the highest quality materials and manufactured by the skilled professionals VAULTEX. Durable and lightweight, our helmets offer you a comfortable and convenient way to stay safe on the job. With a wide variety of colors to choose from, you're sure to find one that suits your needs. With High Point Polyethylene shell and soft Foam sweatband it is the perfect option for all weather conditions. SKU: VHVR. Unit: Pcs.","in stock","new","27.00 AED","https://www.xpertonecreative.com/products/vaultex-helmet-ratchet-type-with-ventilation/","https://myodfvshmusywmhdozwt.supabase.co/storage/v1/object/public/product-photos/VHVR/1789069251463-VHVR.png","Xpertone Creative","Head Protection > Industrial Safety Helmets","Head Protection","Industrial Safety Helmets","Pcs"
"ABU","Vaultex, Helmet Ratchet Type with Ventilation and Textile Suspension","The ABU is a ventilated safety helmet with a textile suspension and reflective strips for visibility. It features a ratchet-type lock with 6 points textile suspension, a foam sweatband, ventilation, and a short brim for a broader field of view. The helmet is made of high-density polyethylene (HDPE) and is available in blue, orange, white, and yellow colors. The size of the helmet can be adjusted from 51 cm to 62 cm. SKU: ABU. Unit: Pcs.","in stock","new","32.00 AED","https://www.xpertonecreative.com/products/vaultex-helmet-ratchet-type-with-ventilation-and-textile-suspension-1/","https://myodfvshmusywmhdozwt.supabase.co/storage/v1/object/public/product-photos/ABU/1789069134344-ABU.png","Xpertone Creative","Head Protection > Industrial Safety Helmets","Head Protection","Industrial Safety Helmets","Pcs"
"VH","Vaultex, Helmet with Plastic Suspension","The VH Safety Helmet with plastic suspension and pin lock manufactured by VAULTEX. With a High Point Polyethylene shell and soft Foam sweatband it is the perfect option for all weather conditions. Safety helmets are designed to provide you with the best protection when working in high-risk environments. Our 6 point design offers a comfortable headband, multiple color options, and your choice in logo customization. SKU: VH. Unit: Pcs.","in stock","new","26.00 AED","https://www.xpertonecreative.com/products/vaultex-helmet-with-plastic-suspension/","https://myodfvshmusywmhdozwt.supabase.co/storage/v1/object/public/product-photos/VH/1789069268162-VH.png","Xpertone Creative","Head Protection > Industrial Safety Helmets","Head Protection","Industrial Safety Helmets","Pcs"
"VHT","Vaultex, Helmet with Textile Suspension","VHT safety helmets are made of the highest quality materials and manufactured by the skilled professionals at VAULTEX. Durable and lightweight, our helmets offer you a comfortable and convenient way to stay safe on the job. With a wide variety of colors to choose from, you're sure to find one that suits your needs. SKU: VHT. Unit: Pcs.","in stock","new","27.00 AED","https://www.xpertonecreative.com/products/vaultex-helmet-with-textile-suspension/","https://myodfvshmusywmhdozwt.supabase.co/storage/v1/object/public/product-photos/VHT/1789069162875-VHT.png","Xpertone Creative","Head Protection > Industrial Safety Helmets","Head Protection","Industrial Safety Helmets","Pcs"
"VHV","Vaultex, Helmet with Ventilation","VHV safety helmets are made of the highest quality materials and manufactured by the skilled professionals at VAULTEX. The Ventilated Safety Helmet with plastic suspension and pin lock is the ultimate fit for the active person who does not want to sacrifice the protection their head deserves for the awesome fit and look SKU: VHV. Unit: Pcs.","in stock","new","27.00 AED","https://www.xpertonecreative.com/products/vaultex-helmet-with-ventilation/","https://myodfvshmusywmhdozwt.supabase.co/storage/v1/object/public/product-photos/VHV/1789069298963-VHV.png","Xpertone Creative","Head Protection > Industrial Safety Helmets","Head Protection","Industrial Safety Helmets","Pcs"
"YOL","Vaultex, Yellow Full Brim Cap With Reflective","Head Protection supplied by Xpertone Creative in Dubai and across the UAE. SKU: YOL. Unit: Pcs.","in stock","new","27.00 AED","https://www.xpertonecreative.com/products/vaultex-yellow-full-brim-cap-with-reflective/","https://myodfvshmusywmhdozwt.supabase.co/storage/v1/object/public/product-photos/YOL/1789069192477-YOL.png","Xpertone Creative","Head Protection > Full-Brim Protective Headwear","Head Protection","Full-Brim Protective Headwear","Pcs"
"EJM","WorkLand, No Warranty 2PC Rain Suit, Green Color","Rain Suit PVC from the brand Workland is a product that is crafted from PVC/Polyester material which is of 0.4 mm thickness. It is ideal wear in wet areas or on rainy days when you expect to stay dry throughout. It comes with 2 flap pockets that you can use to keep your valuables safe from moisture. SKU: EJM. Unit: Pcs.","in stock","new","32.00 AED","https://www.xpertonecreative.com/products/workland-2pc-rain-suit-green-color/","https://myodfvshmusywmhdozwt.supabase.co/storage/v1/object/public/product-photos/EJM/1789041856705-EJM.png","Xpertone Creative","Rainwear & Marine > Protective Coverall","Rainwear & Marine","Protective Coverall","Pcs"
"LRK","Workland, No Warranty 2PC Rain Suit, Yellow Color","Coverall has become a necessity in the present day. Whether one is stepping out to get chores done or working various industries, coverall keeps one protected at all times. This RAIN SUIT PVC from Workland is a great product for those who want optimum protection. It is 0.4 mm thick and crafted from PVC/Polyester material to keep the germs away. The product comes with two flap pockets. SKU: LRK. Unit: Pcs.","in stock","new","32.00 AED","https://www.xpertonecreative.com/products/workland-2-pc-rain-suit-yellow-color/","https://myodfvshmusywmhdozwt.supabase.co/storage/v1/object/public/product-photos/LRK/1789041930251-LRK.png","Xpertone Creative","Rainwear & Marine > Protective Coverall","Rainwear & Marine","Protective Coverall","Pcs"
"OUC","Workland, No Warranty Rain Coat, Green Color","Workland&rsquo;s RAIN COAT PVC is ideal for the outdoors. It helps to stay dry at all times, without facing any inconveniences. The product features PVC/Polyester material, 0.4mm thickness and 2 flap pockets. You can use it again and again in the rainy season as the water slips right off. The convenience is high and the product is at par with international standards. SKU: OUC. Unit: Pcs.","in stock","new","31.00 AED","https://www.xpertonecreative.com/products/workland-rain-coat-green-color/","https://myodfvshmusywmhdozwt.supabase.co/storage/v1/object/public/product-photos/OUC/1789041986288-OUC.png","Xpertone Creative","Rainwear & Marine > Protective Coverall","Rainwear & Marine","Protective Coverall","Pcs"
"KWA","Workland, No Warranty Rain Coat, Yellow Color","Want to keep your good clothes protected from rain when you step out? Do you wish to reach your place of work dry and fresh? Then you must invest in RAIN COAT PVC from the brand Workland. It is crafted with consideration so that you stay dry even in the pouring rain. 2 flap pockets will keep your phone protected. SKU: KWA. Unit: Pcs.","in stock","new","31.00 AED","https://www.xpertonecreative.com/products/workland-rain-coat-yellow-color/","https://myodfvshmusywmhdozwt.supabase.co/storage/v1/object/public/product-photos/KWA/1789045036673-KWA.png","Xpertone Creative","Rainwear & Marine > Protective Coverall","Rainwear & Marine","Protective Coverall","Pcs"
"VOA","Armstrong, SBP Ankle Protective Footwear","Safety Shoes supplied by Xpertone Creative in Dubai and across the UAE. SKU: VOA. Unit: Pair.","in stock","new","51.00 AED","https://www.xpertonecreative.com/products/armstrong-sbp-ankle-protective-footwear-1/","https://myodfvshmusywmhdozwt.supabase.co/storage/v1/object/public/product-photos/VOA/1789064407048-VOA.png","Xpertone Creative","Safety Shoes > High-Ankle Safety Boots","Safety Shoes","High-Ankle Safety Boots","Pair"
"OXP","Armstrong, SBP High Ankle Protective Footwear","Safety Shoes supplied by Xpertone Creative in Dubai and across the UAE. SKU: OXP. Unit: Pair.","in stock","new","65.00 AED","https://www.xpertonecreative.com/products/armstrong-sbp-high-ankle-protective-footwear-6/","https://myodfvshmusywmhdozwt.supabase.co/storage/v1/object/public/product-photos/OXP/1789064455550-OXP.png","Xpertone Creative","Safety Shoes > High-Ankle Safety Boots","Safety Shoes","High-Ankle Safety Boots","Pair"
"LMV","Armstrong, SBP High Ankle Protective Footwear, Black Color","Safety Shoes supplied by Xpertone Creative in Dubai and across the UAE. SKU: LMV. Unit: Pair.","in stock","new","47.00 AED","https://www.xpertonecreative.com/products/armstrong-sbp-high-ankle-protective-footwear-black-color-2/","https://myodfvshmusywmhdozwt.supabase.co/storage/v1/object/public/product-photos/LMV/1789064489943-LMV.png","Xpertone Creative","Safety Shoes > High-Ankle Safety Boots","Safety Shoes","High-Ankle Safety Boots","Pair"
"DJG","Armstrong, SBP Low Ankle Protective Footwear","Safety Shoes supplied by Xpertone Creative in Dubai and across the UAE. SKU: DJG. Unit: Pair.","in stock","new","70.00 AED","https://www.xpertonecreative.com/products/armstrong-sbp-low-ankle-protective-footwear-2/","https://myodfvshmusywmhdozwt.supabase.co/storage/v1/object/public/product-photos/DJG/1789064501621-DJG.png","Xpertone Creative","Safety Shoes > Low-Ankle Safety Shoes","Safety Shoes","Low-Ankle Safety Shoes","Pair"
"QKM","Armstrong, SBP Low Ankle Protective Footwear, Black Color","Safety Shoes supplied by Xpertone Creative in Dubai and across the UAE. SKU: QKM. Unit: Pair.","in stock","new","47.00 AED","https://www.xpertonecreative.com/products/vaultex-sb-low-ankle-protective-footwear-black-color/","https://myodfvshmusywmhdozwt.supabase.co/storage/v1/object/public/product-photos/QKM/1789064513513-QKM.png","Xpertone Creative","Safety Shoes > Low-Ankle Safety Shoes","Safety Shoes","Low-Ankle Safety Shoes","Pair"
"CMG","Armstrong, SBP Low Ankle Protective Footwear, Blue, Red and Grey Color","Safety Shoes supplied by Xpertone Creative in Dubai and across the UAE. SKU: CMG. Unit: Pair.","in stock","new","49.00 AED","https://www.xpertonecreative.com/products/armstrong-sbp-low-ankle-protective-footwear-blue-red-and-grey-color-2/","https://myodfvshmusywmhdozwt.supabase.co/storage/v1/object/public/product-photos/CMG/1789064527292-CMG.png","Xpertone Creative","Safety Shoes > Low-Ankle Safety Shoes","Safety Shoes","Low-Ankle Safety Shoes","Pair"
"RKP","Armstrong, SBP No Warranty High Ankle Protective Footwear","The Breathable Leather Safety Shoes RKP provide you with a fashionable look and comfortable feet to ward off workplace hazards. They are equipped with several features like oil resistant, abrasion resistant and anti-static. SKU: RKP. Unit: Pair.","in stock","new","47.00 AED","https://www.xpertonecreative.com/products/armstrong-sbp-no-warranty-high-ankle-protective-footwear-1/","https://myodfvshmusywmhdozwt.supabase.co/storage/v1/object/public/product-photos/RKP/1789064539078-RKP.png","Xpertone Creative","Safety Shoes > High-Ankle Safety Boots","Safety Shoes","High-Ankle Safety Boots","Pair"
"RSC","Armstrong, SBP No Warranty High Ankle Protective Footwear","Safety Shoes supplied by Xpertone Creative in Dubai and across the UAE. SKU: RSC. Unit: Pair.","in stock","new","47.00 AED","https://www.xpertonecreative.com/products/armstrong-sbp-no-warranty-high-ankle-protective-footwear-6/","https://myodfvshmusywmhdozwt.supabase.co/storage/v1/object/public/product-photos/RSC/1789064731814-RSC.png","Xpertone Creative","Safety Shoes > High-Ankle Safety Boots","Safety Shoes","High-Ankle Safety Boots","Pair"
"GQF","Armstrong, SBP No Warranty Low Ankle Protective Footwear","Armstrong Safety Shoes GQF gives complete reinforcement for overall protection to the feet. They are high-quality fashionable safety shoes that are lightweight, comfortable, and durable. They are available in various size options so the wearer can choose the best fit for themselves. They can bear rock, heat and cold, or any harsh temperatures and give the wearer extreme comfort and protection. SKU: GQF. Unit: Pair.","in stock","new","44.00 AED","https://www.xpertonecreative.com/products/armstrong-sbp-no-warranty-low-ankle-protective-footwear/","https://myodfvshmusywmhdozwt.supabase.co/storage/v1/object/public/product-photos/GQF/1789064748023-GQF.png","Xpertone Creative","Safety Shoes > Low-Ankle Safety Shoes","Safety Shoes","Low-Ankle Safety Shoes","Pair"
"SOH","Miller, SBP Breathable Leather Low Ankle Protective Footwear","The Miller SOH Safety Shoe is an excellent quality shoe manufacfured from robust materials and has pro ven itseif within the industries mentioned above. It is ideal for Oil, Gas, Engineering, Contruction & Manufacturing. This safety shoe should only be used following a risk assessment and evaluation with other PPE being used. SKU: SOH. Unit: Pair.","in stock","new","63.00 AED","https://www.xpertonecreative.com/products/miller-sbp-breathable-leather-low-ankle-protective-footwear/","https://myodfvshmusywmhdozwt.supabase.co/storage/v1/object/public/product-photos/SOH/1789064625060-SOH.png","Xpertone Creative","Safety Shoes > Low-Ankle Safety Shoes","Safety Shoes","Low-Ankle Safety Shoes","Pair"
"VE25","Vaultex, Leather Shoes","Vaultex VE25 comes with breathable genuine leather with a cool comfort technique for extreme comfort. The non-safety toe and non-safety plate give the wearer extreme comfort. It helps the wearer wear it under any condition and safeguard the wearer from any foot injuries. SKU: VE25. Unit: Pair.","in stock","new","96.00 AED","https://www.xpertonecreative.com/products/vaultex-leather-shoes-1/","https://myodfvshmusywmhdozwt.supabase.co/storage/v1/object/public/product-photos/VE25/1789064796644-VE25.png","Xpertone Creative","Safety Shoes > Low-Ankle Safety Shoes","Safety Shoes","Low-Ankle Safety Shoes","Pair"
"RBS12","Vaultex, Rain Boot With Steel Toe & Plate, Black Color","The RBS12 Rain boots manufactured by Vaultex are Injection moulded PVC safety boots. It is designed with high-quality PVC material that gives waterproofing properties for efficiently working in Rain. RBS12 Rain Boots are built with Steel Toe, Steel Mid plate & Energy Absorbing heels that provide safety, support & comfort to the wearer. It meets all the required standards for oil resistance to provide excellent grip in slippery conditions. SKU: RBS12. Unit: Pair.","in stock","new","39.00 AED","https://www.xpertonecreative.com/products/vaultex-rain-boot-with-steel-toe-plate-black-color/","https://myodfvshmusywmhdozwt.supabase.co/storage/v1/object/public/product-photos/RBS12/1789064807842-RBS12.png","Xpertone Creative","Safety Shoes > Safety Gumboots & Rain Boots","Safety Shoes","Safety Gumboots & Rain Boots","Pair"
"RBT","Vaultex, Rain Boot With Steel Toe, Black Color","The RBT boots manufactured from Vaultex are Rain Boot with steel toe. These shoes are made with high-quality PVC by directly injecting in a fully automatic, PVC moulding machine. It is designed with a steel toe & energy absorbing heels for protection, comfort and durability. The oil-resistant feature will provide safety & prevent accidents on slippery surfaces SKU: RBT. Unit: Pair.","in stock","new","35.00 AED","https://www.xpertonecreative.com/products/vaultex-rain-boot-with-steel-toe-black-color/","https://myodfvshmusywmhdozwt.supabase.co/storage/v1/object/public/product-photos/RBT/1789064819547-RBT.png","Xpertone Creative","Safety Shoes > Safety Gumboots & Rain Boots","Safety Shoes","Safety Gumboots & Rain Boots","Pair"
"JGP","Vaultex, Rain Boot Without Toe & Plate, White Color","The PVC High-Quality Protective Gumboots JGP help the wearer stand their ground. Protective PVC Gumboots are comfortable, flexible, and complete with safety requirements. They are constructed in such a way that provides long-wearing durability. The fine material used gives the gumboots high quality design and look. SKU: JGP. Unit: Pair.","in stock","new","38.00 AED","https://www.xpertonecreative.com/products/vaultex-rain-boot-without-toe-plate-white-color/","https://myodfvshmusywmhdozwt.supabase.co/storage/v1/object/public/product-photos/JGP/1789064830763-JGP.png","Xpertone Creative","Safety Shoes > Safety Gumboots & Rain Boots","Safety Shoes","Safety Gumboots & Rain Boots","Pair"
"PKN","Vaultex, Rain Boots without Toe & Plate, Black Color","Vaultex Protective Gumboots guard your feet against being utilized in the stormy season. These rainy boots can be used in sloppy entranceways and streams and they keep your feet naturally clean. The high-quality PVC and oil-resistant energy absorbing heels give extreme comfort to the wearer. SKU: PKN. Unit: Pair.","in stock","new","25.00 AED","https://www.xpertonecreative.com/products/vaultex-rain-boots-without-toe-plate-black-color/","https://myodfvshmusywmhdozwt.supabase.co/storage/v1/object/public/product-photos/PKN/1789064845086-PKN.png","Xpertone Creative","Safety Shoes > Safety Gumboots & Rain Boots","Safety Shoes","Safety Gumboots & Rain Boots","Pair"
"SKNS","Vaultex, S1P Breathable Leather High Ankle Protective Footwear with Reflective","The SKNS from Vaultex manufactured with the S1P standard is a high ankle executive safety shoe. The shoes are made up of Genuine Breathable Leather crafted with a Cool Comfort Technique. The Steel Mid Sole & Steel Toe cap protects against impact, while the energy absorbing heel helps absorb force from falling objects or objects getting dropped on you. In addition, SKINS shoes have a PU Sole with Padded Insole, Shock Absorbent & Energy Absorbing Heels featuring Oil-Resistant, slip resistance, and anti-static to avoid accidents at work or home. SKU: SKNS. Unit: Pair.","in stock","new","80.00 AED","https://www.xpertonecreative.com/products/vaultex-s1p-breathable-leather-high-ankle-protective-footwear-with-reflective-2/","https://myodfvshmusywmhdozwt.supabase.co/storage/v1/object/public/product-photos/SKNS/1789064860566-SKNS.png","Xpertone Creative","Safety Shoes > High-Ankle Safety Boots","Safety Shoes","High-Ankle Safety Boots","Pair"
"PRI","Vaultex, S1P Breathable Leather High Ankle Protective Footwear with Reflective","The PRI from Vaultex manufactured with the S1P standard is an ankle safety shoe. These Safety Shoes have a Genuine Breathable leather upper design with a Cool Comfort Technique that gives excellent breathability for your feet. To fully protect your feet against shock and vibration from heavy loads, there is a PU Sole with Padded Insole, Steel Toe Cap & Steel Mid-Sole. It features shock-absorbent and energy absorbing heels, oil-resistant, anti-slip, and anti-static properties. PRI offers a 6 months warranty against all manufacturing defects. SKU: PRI. Unit: Pair.","in stock","new","69.00 AED","https://www.xpertonecreative.com/products/vaultex-s1p-breathable-leather-high-ankle-protective-footwear-with-reflective/","https://myodfvshmusywmhdozwt.supabase.co/storage/v1/object/public/product-photos/PRI/1789064928309-PRI.png","Xpertone Creative","Safety Shoes > High-Ankle Safety Boots","Safety Shoes","High-Ankle Safety Boots","Pair"
"VE12","Vaultex, S1P Safety Shoes, Part No: M012","The Safety Clog VE 12 from Vaultex with S3 Standard is water-resistant, Microfiber leather shoes for comfort and long wearability. It comes with a Steel Toe, Mid Plate & Energy Absorbing Heels & resistant to certain types of oils & acids. It features a PU sole with a Padded Insole to enhance foot protection. Vaultex offers a 6 months warranty against manufacturing defects in the VE 12 shoes. SKU: VE12. Unit: Pair.","in stock","new","75.00 AED","https://www.xpertonecreative.com/products/vaultex-s3-safety-shoes-part-no-m012/","https://myodfvshmusywmhdozwt.supabase.co/storage/v1/object/public/product-photos/VE12/1789064895669-VE12.png","Xpertone Creative","Safety Shoes > Low-Ankle Safety Shoes","Safety Shoes","Low-Ankle Safety Shoes","Pair"
"MFC","Vaultex, S1PL SR High Ankle Protective Footwear with Reflective","Safety Shoes supplied by Xpertone Creative in Dubai and across the UAE. SKU: MFC. Unit: Pair.","in stock","new","93.00 AED","https://www.xpertonecreative.com/products/vaultex-s1pl-sr-high-ankle-protective-footwear-with-reflective/","https://myodfvshmusywmhdozwt.supabase.co/storage/v1/object/public/product-photos/MFC/1789064943353-MFC.png","Xpertone Creative","Safety Shoes > High-Ankle Safety Boots","Safety Shoes","High-Ankle Safety Boots","Pair"
"VI8","Vaultex, S3 Executive Safety Shoes","Safety Shoes supplied by Xpertone Creative in Dubai and across the UAE. SKU: VI8. Unit: Pair.","in stock","new","60.00 AED","https://www.xpertonecreative.com/products/vaultex-s3-executive-safety-shoes/","https://myodfvshmusywmhdozwt.supabase.co/storage/v1/object/public/product-photos/VI8/1789065427690-VI8.png","Xpertone Creative","Safety Shoes > Executive & Slip-On Safety Shoes","Safety Shoes","Executive & Slip-On Safety Shoes","Pair"
"VE7","Vaultex, S3 Executive Safety Shoes with Lace","Safety Shoes supplied by Xpertone Creative in Dubai and across the UAE. SKU: VE7. Unit: Pair.","in stock","new","74.00 AED","https://www.xpertonecreative.com/products/vaultex-s3-executive-safety-shoes-with-lace/","https://myodfvshmusywmhdozwt.supabase.co/storage/v1/object/public/product-photos/VE7/1789064960034-VE7.png","Xpertone Creative","Safety Shoes > Executive & Slip-On Safety Shoes","Safety Shoes","Executive & Slip-On Safety Shoes","Pair"
"VE5","Vaultex, S3 Executive Safety Shoes without Lace, Part No: M05","The VE5 from Vaultex manufactured with S3 is an executive safety shoe. It is designed with water-Resistant Upper & high-quality Microfiber Leather to keep your feet safe and comfortable. Theyre crafted with heat-absorbing heels, steel mid plate & toe cap reinforcement for added durability. The VE13 safety shoes have a padded insole with slip-resistant, water-resistant, oil & acid resistant. Vaultex offers a 6 months warranty against manufacturing defects. SKU: VE5. Unit: Pair.","in stock","new","74.00 AED","https://www.xpertonecreative.com/products/vaultex-s3-executive-safety-shoes-without-lace-part-no-m05/","https://myodfvshmusywmhdozwt.supabase.co/storage/v1/object/public/product-photos/VE5/1789064975557-VE5.png","Xpertone Creative","Safety Shoes > Executive & Slip-On Safety Shoes","Safety Shoes","Executive & Slip-On Safety Shoes","Pair"
"VE3","Vaultex, S3 Executive Safety Shoes, Part No: M03","The VE3 from Vaultex manufactured with S3 is executive safety shoes with Water-Resistant Upper & high-quality Microfiber Leather for long-lasting durability. It comes with oil, acid, and temperature-resistant features. VE3 is designed with Steel Toe, Mid Plate & Energy Absorbing Heels to provide the ultimate in protection and comfort, whether you're working indoors or outdoors. Vaultex offers a 6 months warranty against manufacturing defects in the VE3 shoes. SKU: VE3. Unit: Pair.","in stock","new","74.00 AED","https://www.xpertonecreative.com/products/vaultex-s3-executive-safety-shoes-part-no-m03/","https://myodfvshmusywmhdozwt.supabase.co/storage/v1/object/public/product-photos/VE3/1789064986984-VE3.png","Xpertone Creative","Safety Shoes > Executive & Slip-On Safety Shoes","Safety Shoes","Executive & Slip-On Safety Shoes","Pair"
"VE1","Vaultex, S3 Non-Metal Executive Safety Shoes without Lace","Safety Shoes supplied by Xpertone Creative in Dubai and across the UAE. SKU: VE1. Unit: Pair.","in stock","new","74.00 AED","https://www.xpertonecreative.com/products/vaultex-s3-non-metal-executive-safety-shoes-without-lace/","https://myodfvshmusywmhdozwt.supabase.co/storage/v1/object/public/product-photos/VE1/1789065001350-VE1.png","Xpertone Creative","Safety Shoes > Executive & Slip-On Safety Shoes","Safety Shoes","Executive & Slip-On Safety Shoes","Pair"
"SGB","Vaultex, S3 SRA Breathable Leather High Ankle Safety Shoes","The High Ankle SGB from Vaultex with S3 Standard is designed to reduce the impact of a fall and increase your safety. It comprises a high-density, Molded PU sole with deep cleats, which provides sufficient traction on various surfaces. Vaultex has incorporated all the necessary safety features such as Breathable leather, highly flexible & extra strong for comfort, slip-resistant, resistant to certain types of oils/chemicals that can withstand high temperature & low abrasion for extra life. SGB is best suited for professionals working in Oil, Gas, Engineering, Construction & Manufacturing Industries. Vaultex provides a 6 months warranty against manufacturing defects in the shoes. SKU: SGB. Unit: Pair.","in stock","new","90.00 AED","https://www.xpertonecreative.com/products/vaultex-s3-sra-breathable-leather-high-ankle-safety-shoes-1/","https://myodfvshmusywmhdozwt.supabase.co/storage/v1/object/public/product-photos/SGB/1789065011566-SGB.png","Xpertone Creative","Safety Shoes > High-Ankle Safety Boots","Safety Shoes","High-Ankle Safety Boots","Pair"
"SGK","Vaultex, S3 SRC Breathable Leather High Ankle Safety Shoes","The SGK from vaultex is a dynamic high ankle safety shoe that meets the SRA Standard. It is lightweight, made with breathable leather, and comfortable to wear. It is designed with a high-density, moulded PU sole with deep cleats, slip-resistant, resistant to certain types of oils/chemicals that can withstand high temperature and impact resistance. SGK is a comprehensive range of safety shoes designed for heavy-duty applications in the Oil & Gas, Petrochemical, Construction, Chemical, and food industries. SKU: SGK. Unit: Pair.","in stock","new","90.00 AED","https://www.xpertonecreative.com/products/vaultex-s3-sra-breathable-leather-high-ankle-safety-shoes/","https://myodfvshmusywmhdozwt.supabase.co/storage/v1/object/public/product-photos/SGK/1789065023830-SGK.png","Xpertone Creative","Safety Shoes > High-Ankle Safety Boots","Safety Shoes","High-Ankle Safety Boots","Pair"
"SGM","Vaultex, S3 SRC Breathable Leather Low Ankle Safety Shoes","The Low Ankle SGM from Vaultex with S3 SRA Standard is made with the best quality material and most advanced technology. The highly flexible & Breathable design makes it suitable for all-day comfort & long wearability. SGM is a comprehensive range of safety shoes designed for heavy-duty applications in the Oil & Gas, Petrochemical, Construction, Chemical, and food industries. It features a heavy-duty double density PU Sole with deep cleats. Broad Steel Toe & Flexible Steel Plate, Padded Insole With Black Mesh Lining & Energy Absorbing Heels, provides excellent traction while resisting rust and high temperature. Vaultex offers a 6 months warranty against manufacturing defects in the SGM shoes. SKU: SGM. Unit: Pair.","in stock","new","84.00 AED","https://www.xpertonecreative.com/products/vaultex-s3-sra-breathable-leather-low-ankle-safety-shoes/","https://myodfvshmusywmhdozwt.supabase.co/storage/v1/object/public/product-photos/SGM/1789065033914-SGM.png","Xpertone Creative","Safety Shoes > Low-Ankle Safety Shoes","Safety Shoes","Low-Ankle Safety Shoes","Pair"
"VBL","Vaultex, SBP Breathable Leather High Ankle Protective Footwear","The VBL from Vaultex manufactured with the SBP standard is High Ankle Protective Footwear. These shoes are designed with Breathable Leather to support your feet so you can work comfortably for the duration of your shift. It features a steel toe cap, steel mid plate, padded insole & energy absorbing heels to provide a comfortable fit with maximum protection. They offer great protection against Oil and slippery surfaces. VBL offers a 6-month warranty against all manufacturing defects. SKU: VBL. Unit: Pair.","in stock","new","63.00 AED","https://www.xpertonecreative.com/products/vaultex-sbp-breathable-leather-high-ankle-protective-footwear-1/","https://myodfvshmusywmhdozwt.supabase.co/storage/v1/object/public/product-photos/VBL/1789065084053-VBL.png","Xpertone Creative","Safety Shoes > High-Ankle Safety Boots","Safety Shoes","High-Ankle Safety Boots","Pair"
"MDU","Vaultex, SBP Breathable Leather High Ankle Protective Footwear","The MDU from Vaultex manufactured with the SBP standard is High Ankle footwear. It is designed with Breathable Leather With Cool Comfort Technique to keep your feet safe and comfortable. They are crafted with Energy absorbing heels, steel mid plate & toe cap reinforcement for added durability. The MDU safety shoes have a padded insole with oil - resistance. Vaultex offers a 6 months warranty against manufacturing defects in the MDU shoes. SKU: MDU. Unit: Pair.","in stock","new","62.00 AED","https://www.xpertonecreative.com/products/vaultex-sbp-breathable-leather-high-ankle-protective-footwear-7/","https://myodfvshmusywmhdozwt.supabase.co/storage/v1/object/public/product-photos/MDU/1789065097506-MDU.png","Xpertone Creative","Safety Shoes > High-Ankle Safety Boots","Safety Shoes","High-Ankle Safety Boots","Pair"
"LEO","Vaultex, SBP Breathable Leather High Ankle Protective Footwear","The LEO from Vaultex manufactured with the SBP standard is High Ankle Safety Shoes. It is made of Breathable Leather With Cool Comfort Technique to ensure its premium durability, comfort, and protection. LEO Safety shoes come with Steel Toe Cap & Steel midsole designed to give the wearer a safe and comfortable experience. In addition, the safety shoes features Energy Absorbing Heels, Padded Insole With Mesh Lining & Oil-Resistant to provide you with more protection on the working site. There is a 6 months warranty against manufacturing defects provided with every pair of LEO Safety Shoes. SKU: LEO. Unit: Pair.","in stock","new","60.00 AED","https://www.xpertonecreative.com/products/vaultex-sbp-breathable-leather-high-ankle-protective-footwear-2/","https://myodfvshmusywmhdozwt.supabase.co/storage/v1/object/public/product-photos/LEO/1789065106192-LEO.png","Xpertone Creative","Safety Shoes > High-Ankle Safety Boots","Safety Shoes","High-Ankle Safety Boots","Pair"
"SG6","Vaultex, SBP Breathable Leather High Ankle Protective Footwear","The SG6 from Vaultex is manufactured with the SBP standard High Ankle Protective Footwear. These shoes come with Breathable Leather With Cool Comfort Technique to protect your feet. The shoes are made of Steel Toe & Steel Plate which can effectively protect your feet from falling objects. It features Energy Absorbing Heels & Oil Resistant that reduces the impact of heat & slippery surfaces.SG6 offers a 1-year manufacturer's defect warranty against all manufacturing defects. SKU: SG6. Unit: Pair.","in stock","new","61.00 AED","https://www.xpertonecreative.com/products/vaultex-sbp-breathable-leather-high-ankle-protective-footwear-16/","https://myodfvshmusywmhdozwt.supabase.co/storage/v1/object/public/product-photos/SG6/1789065117779-SG6.png","Xpertone Creative","Safety Shoes > High-Ankle Safety Boots","Safety Shoes","High-Ankle Safety Boots","Pair"
"VJS6","Vaultex, SBP Breathable Leather High Ankle Protective Footwear","The VJS6 from Vaultex manufactured with the SBP standard is a High Ankle Protective Footwear. It is made of top quality Breathable Leather With Cool Comfort Technique to ensure its premium durability, comfort, and protection. VJS6 Safety shoes come with a Padded Insole, Steel Toe Cap & Steel midsole designed to give the wearer a safe and comfortable experience. The safety shoes are comfortable to wear, especially for workers who have long working hours. In addition, VJS6 shoes are built with safety feature such as oil resistance, Energy absorbing heels, and padded insoles that reduce the risk of accidents. VJS6 offers a 1-year manufacturer's defect warranty against all manufacturing defects. SKU: VJS6. Unit: Pair.","in stock","new","62.00 AED","https://www.xpertonecreative.com/products/vaultex-sbp-breathable-leather-high-ankle-protective-footwear-12/","https://myodfvshmusywmhdozwt.supabase.co/storage/v1/object/public/product-photos/VJS6/1789065135584-VJS6.png","Xpertone Creative","Safety Shoes > High-Ankle Safety Boots","Safety Shoes","High-Ankle Safety Boots","Pair"
"DVR","Vaultex, SBP Breathable Leather Low Ankle Protective Footwear","The DVR from Vaultex manufactured with the SBP standard is a Low Ankle Safety Shoes. It's made of genuine breathable leather with a cool comfort technique. DVR Safety Shoes are constructed of premium material, padded insole, steel plate & steel toe to SKU: DVR. Unit: Pair.","in stock","new","62.00 AED","https://www.xpertonecreative.com/products/vaultex-sbp-breathable-leather-low-ankle-protective-footwear-9/","https://myodfvshmusywmhdozwt.supabase.co/storage/v1/object/public/product-photos/DVR/1789065151284-DVR.png","Xpertone Creative","Safety Shoes > Low-Ankle Safety Shoes","Safety Shoes","Low-Ankle Safety Shoes","Pair"
"AMJ","Vaultex, SBP Breathable Leather Low Ankle Protective Footwear without Lace","Vaultex Low Ankle Protective Footwear SBP Standard comes with breathable suede leather with a cool comfort technique. It's manufactured with professional finishing and the steel toe cap and steel mid plate give the wearer extreme comfort. The shock absorbent double and energy absorbing heels help the wearer wear it under any condition and safeguard the wearer from any foot injuries. SKU: AMJ. Unit: Pair.","in stock","new","61.00 AED","https://www.xpertonecreative.com/products/vaultex-sbp-breathable-leather-low-ankle-protective-footwear-without-lace/","https://myodfvshmusywmhdozwt.supabase.co/storage/v1/object/public/product-photos/AMJ/1789065162171-AMJ.png","Xpertone Creative","Safety Shoes > Low-Ankle Safety Shoes","Safety Shoes","Low-Ankle Safety Shoes","Pair"
"YRA","Vaultex, SBP Breathable Leather Rigger Boot, Black Color","The YRA from Vaultex is manufactured with the SBP standard as Rigger boot. These boots have a Genuine Breathable leather upper design with a Cool Comfort Technique that gives excellent breathability for your feet. Its designed with PU with Padded Insole, Steel Toe & Mid-Plate which provide sufficient traction on various surfaces. With Oil Resistant Feature: : & Energy Absorbing Heels provides foot protection in extreme conditions. In addition, YRA offers a 6-month warranty against all manufacturing defects SKU: YRA. Unit: Pair.","in stock","new","96.00 AED","https://www.xpertonecreative.com/products/vaultex-sbp-breathable-leather-rigger-boot-black-color/","https://www.xpertonecreative.com/assets/img/products/clean-reference/safety-shoes/YRA.webp?v=20260916exact","Xpertone Creative","Safety Shoes > Rigger Safety Boots","Safety Shoes","Rigger Safety Boots","Pair"
"UBA","Vaultex, SBP Breathable Leather Rigger Boot, Tan Color","The UBA from Vaultex is manufactured with SBP standard as Rigger boot.These boots have a Genuine Breathable leather upper design with a Cool Comfort Technique that gives excellent breathability for your feet. It&iuml;&iquest;&frac12;s designed with PU Sole, Padded Insole, Steel Toe & Mid-Plate which provide sufficient traction on various surfaces. With Oil Resistant feature & Energy Absorbing Heels provides foot protection in extreme conditions. In addition, UBA offers a 6-month warranty against all manufacturing defects SKU: UBA. Unit: Pair.","in stock","new","100.00 AED","https://www.xpertonecreative.com/products/vaultex-sbp-breathable-leather-rigger-boot-tan-color/","https://myodfvshmusywmhdozwt.supabase.co/storage/v1/object/public/product-photos/UBA/1789065181005-UBA.png","Xpertone Creative","Safety Shoes > Rigger Safety Boots","Safety Shoes","Rigger Safety Boots","Pair"
"PMC","Vaultex, SBP Executive Protective Footwear without Lace, Black Color","The PMC from Vaultex manufactured with the SBP standard is Protective Footwear. Featuring an action nubuck leather uppers they offer comfort, durability and protection all in one PMC shoes are built in accordance to your safety needs, from steel toe, steel mid plate, padded insole, oil-resistant & energy absorbing heels to slip resistant and electrical hazard protection. These shoes will give you the confidence to focus on your work without worrying about injuries or accidents. PMC offers a 6 months warranty against all manufacturing defects. SKU: PMC. Unit: Pair.","in stock","new","73.00 AED","https://www.xpertonecreative.com/products/vaultex-sbp-executive-protective-footwear-without-lace-black-color/","https://myodfvshmusywmhdozwt.supabase.co/storage/v1/object/public/product-photos/PMC/1789065195317-PMC.png","Xpertone Creative","Safety Shoes > Executive & Slip-On Safety Shoes","Safety Shoes","Executive & Slip-On Safety Shoes","Pair"
"RUQ","Vaultex, SBP Executive Protective Footwear without Lace, Brown Color","The RUQ from Vaultex manufactured with the SBP standard is executive safety shoes. These shoes are made of oil pull-up leather and padded insoles to provide long lasting durability.RUQ safety shoes will keep your feet protected from head to toe with steel toe, steel midsole, Energy Absorbing heels & Padded Insole. It meets all the required standards for oil resistance to provide excellent grip in slippery conditions. RUQ offers a 6-month warranty against all manufacturing defects. SKU: RUQ. Unit: Pair.","in stock","new","97.00 AED","https://www.xpertonecreative.com/products/vaultex-sbp-executive-protective-footwear-without-lace-brown-color/","https://www.xpertonecreative.com/assets/img/products/clean-reference/safety-shoes/RUQ.webp?v=20260916exact","Xpertone Creative","Safety Shoes > Executive & Slip-On Safety Shoes","Safety Shoes","Executive & Slip-On Safety Shoes","Pair"
"VTI","Vaultex, SBP Executive Protective Footwear, Brown Color","The VTI from Vaultex manufactured with the SBP standard is Executive Protective Footwear. These shoes have Action Leather uppers, steel mid plate and stee mid plate for protection, comfort and durability. VTI design with Padded insole, energy-absorbing heels & oil resistant feature that will provide safety support & help in avoiding accidents. In addition, VTI offers a 6-month warranty against all manufacturing defects. SKU: VTI. Unit: Pair.","in stock","new","86.00 AED","https://www.xpertonecreative.com/products/vaultex-sbp-executive-protective-footwear-brown-color-1/","https://www.xpertonecreative.com/assets/img/products/clean-reference/safety-shoes/VTI.webp?v=20260916exact","Xpertone Creative","Safety Shoes > Executive & Slip-On Safety Shoes","Safety Shoes","Executive & Slip-On Safety Shoes","Pair"
"SG7","Vaultex, SBP HRO Breathable Leather High Ankle Protective Footwear","Safety Shoes supplied by Xpertone Creative in Dubai and across the UAE. SKU: SG7. Unit: Pair.","in stock","new","84.00 AED","https://www.xpertonecreative.com/products/vaultex-sbp-hro-hi-ci-fo-sr-breathable-leather-high-ankle-protective-footwear/","https://myodfvshmusywmhdozwt.supabase.co/storage/v1/object/public/product-photos/SG7/1789065236462-SG7.png","Xpertone Creative","Safety Shoes > High-Ankle Safety Boots","Safety Shoes","High-Ankle Safety Boots","Pair"
"NBI","Vaultex, SBP Low Ankle Protective Footwear, Light Brown Color","The NBI from Vaultex manufactured with the SBP standard is a Breathable Safety shoe made with Breathable Suede Leather. It comes with a Padded Insole, Steel Toe Cap & Steel midsole designed to give the wearer a safe and comfortable experience. In addition, NBI shoes are built with safety features such as oil resistance, Energy absorbing heels, and padded insoles that reduce the risk of accidents. Vaultex offers a 6-month manufacturer's defect warranty against all manufacturing defects. SKU: NBI. Unit: Pair.","in stock","new","72.00 AED","https://www.xpertonecreative.com/products/vaultex-sbp-low-ankle-protective-footwear-light-brown-color/","https://www.xpertonecreative.com/assets/img/products/clean-reference/safety-shoes/NBI.webp?v=20260916exact","Xpertone Creative","Safety Shoes > Low-Ankle Safety Shoes","Safety Shoes","Low-Ankle Safety Shoes","Pair"
"MKN","Vaultex, SBP Low Ankle Slip-On Protective Footwear, Grey & White Color","Safety Shoes supplied by Xpertone Creative in Dubai and across the UAE. SKU: MKN. Unit: Pair.","in stock","new","80.00 AED","https://www.xpertonecreative.com/products/vaultex-sbp-low-ankle-slip-on-protective-footwear-grey-white-color-1/","https://myodfvshmusywmhdozwt.supabase.co/storage/v1/object/public/product-photos/MKN/1789065260446-MKN.png","Xpertone Creative","Safety Shoes > Executive & Slip-On Safety Shoes","Safety Shoes","Executive & Slip-On Safety Shoes","Pair"
"SEU","Vaultex, SBP NMT Low Ankle Protective Footwear","Safety Shoes supplied by Xpertone Creative in Dubai and across the UAE. SKU: SEU. Unit: Pair.","in stock","new","96.00 AED","https://www.xpertonecreative.com/products/vaultex-sbp-nmt-low-ankle-protective-footwear/","https://www.xpertonecreative.com/assets/img/products/clean-reference/safety-shoes/SEU.webp?v=20260916exact","Xpertone Creative","Safety Shoes > Low-Ankle Safety Shoes","Safety Shoes","Low-Ankle Safety Shoes","Pair"
"USB","Vaultex, SBP SR High Ankle Safety Shoes with Leather Upper, Black Color","Safety Shoes supplied by Xpertone Creative in Dubai and across the UAE. SKU: USB. Unit: Pair.","in stock","new","74.00 AED","https://www.xpertonecreative.com/products/vaultex-sbp-sr-high-ankle-safety-shoes-with-leather-upper-black-color/","https://myodfvshmusywmhdozwt.supabase.co/storage/v1/object/public/product-photos/USB/1789065275231-USB.png","Xpertone Creative","Safety Shoes > High-Ankle Safety Boots","Safety Shoes","High-Ankle Safety Boots","Pair"
"PEN","Vaultex, SBP SR Low Ankle Safety Shoes with Leather Upper, Black Color","Safety Shoes supplied by Xpertone Creative in Dubai and across the UAE. SKU: PEN. Unit: Pair.","in stock","new","71.00 AED","https://www.xpertonecreative.com/products/vaultex-sbp-sr-low-ankle-safety-shoes-with-leather-upper-black-color/","https://myodfvshmusywmhdozwt.supabase.co/storage/v1/object/public/product-photos/PEN/1789065467759-PEN.png","Xpertone Creative","Safety Shoes > Low-Ankle Safety Shoes","Safety Shoes","Low-Ankle Safety Shoes","Pair"
"AIO","Vaultex, SBPL Non-Metal Low Ankle Protective Footwear","Safety Shoes supplied by Xpertone Creative in Dubai and across the UAE. SKU: AIO. Unit: Pair.","in stock","new","87.00 AED","https://www.xpertonecreative.com/products/vaultex-sbp-non-metal-low-ankle-protective-footwear-2/","https://myodfvshmusywmhdozwt.supabase.co/storage/v1/object/public/product-photos/AIO/1789065480204-AIO.png","Xpertone Creative","Safety Shoes > Low-Ankle Safety Shoes","Safety Shoes","Low-Ankle Safety Shoes","Pair"
"PUR","Vaultex, Sporty SBP Low Ankle Protective Footwear, Black Color","Vaultex Sporty low Angle Protective Footwear PUR comes with a breathable canvas fabric that gives you extreme comfort. It's manufactured with professional finishing and the steel toe cap and steel mid plate give the wearer extreme comfort. The shock absorbent and energy absorbing heels help the wearer wear it under any condition and safeguard the wearer from any foot injuries. SKU: PUR. Unit: Pair.","in stock","new","68.00 AED","https://www.xpertonecreative.com/products/vaultex-sporty-sbp-low-ankle-protective-footwear-black-color/","https://myodfvshmusywmhdozwt.supabase.co/storage/v1/object/public/product-photos/PUR/1789065294622-PUR.png","Xpertone Creative","Safety Shoes > Executive & Slip-On Safety Shoes","Safety Shoes","Executive & Slip-On Safety Shoes","Pair"
"GOP","Workland, Non-Matel SBP Protective Footwear","Safety Shoes supplied by Xpertone Creative in Dubai and across the UAE. SKU: GOP. Unit: Pair.","in stock","new","87.00 AED","https://www.xpertonecreative.com/products/workland-non-matel-sbp-protective-footwear/","https://myodfvshmusywmhdozwt.supabase.co/storage/v1/object/public/product-photos/GOP/1789065490805-GOP.png","Xpertone Creative","Safety Shoes > General Protective Footwear","Safety Shoes","General Protective Footwear","Pair"
"HOF","Workland, SBP Anti Slip Executive Protective Footwear","The HOF Anti-Slip Low Ankle Protective Footwear is a durable safety shoe made with action leather and features a steel toe with Kevlar mid-plate for maximum protection. The rubber sole provides excellent grip, making it oil and slip-resistant. The shock-absorbing qualities of this shoe make it ideal for industrial work environments. Available in brown, sizes range from 38 to 47. SKU: HOF. Unit: Pair.","in stock","new","96.00 AED","https://www.xpertonecreative.com/products/workland-sbp-anti-slip-executive-protective-footwear/","https://myodfvshmusywmhdozwt.supabase.co/storage/v1/object/public/product-photos/HOF/1789065528726-HOF.png","Xpertone Creative","Safety Shoes > Executive & Slip-On Safety Shoes","Safety Shoes","Executive & Slip-On Safety Shoes","Pair"
"SHP","Workland, SBP No Warranty High Ankle Protective Footwear","The High Ankle Protective footwear is composed of Barton Print Leather and double density PU on the outsole and steel toe and steel mid-plate. The shoe is oil-resistant, shock-absorbent, and has an energy-absorbing heel. The sizes vary from 38-46. The shoe is available in black color and does not come with any warranty. SKU: SHP. Unit: Pair.","in stock","new","38.00 AED","https://www.xpertonecreative.com/products/armstrong-sbp-no-warranty-high-ankle-protective-footwear-3/","https://myodfvshmusywmhdozwt.supabase.co/storage/v1/object/public/product-photos/SHP/1789065379585-SHP.png","Xpertone Creative","Safety Shoes > High-Ankle Safety Boots","Safety Shoes","High-Ankle Safety Boots","Pair"
"PAS","Workland, SBP Non Metal Protective Footwear","PAS is a low ankle protective footwear that meets the SBP Standard. It is made with washable mesh fabric and a punched eyelet for breathability. The shoe is designed with a non-steel toe and Kevlar mid-plate, making it light and comfortable for extended periods. The EVA+Rubber sole ensures oil and slip resistance, making it ideal for various working environments. SKU: PAS. Unit: Pair.","in stock","new","93.00 AED","https://www.xpertonecreative.com/products/workland-sbp-non-metal-protective-footwear-5/","https://myodfvshmusywmhdozwt.supabase.co/storage/v1/object/public/product-photos/PAS/1789065555209-PAS.png","Xpertone Creative","Safety Shoes > General Protective Footwear","Safety Shoes","General Protective Footwear","Pair"
"LBW","Workland, SBP Non Metal Protective Footwear, Black Color","The LBW low ankle protective footwear is a comfortable and reliable option for those working in industrial settings. The breathable mesh fabric helps to keep feet cool and dry during long shifts, while the non-steel toe and Kevlar plate provide protection against punctures and impacts. The EVA sole provides good grip on any surface, and the shock-absorbing high-quality insole reduces the impact of each step, reducing fatigue and increasing comfort. SKU: LBW. Unit: Pair.","in stock","new","92.00 AED","https://www.xpertonecreative.com/products/workland-sbp-non-metal-protective-footwear-black-color/","https://myodfvshmusywmhdozwt.supabase.co/storage/v1/object/public/product-photos/LBW/1789065570263-LBW.png","Xpertone Creative","Safety Shoes > General Protective Footwear","Safety Shoes","General Protective Footwear","Pair"
"JJO","Workland, SBP Non-Metal Low Ankle Protective Footwear, Black Color","Safety Shoes supplied by Xpertone Creative in Dubai and across the UAE. SKU: JJO. Unit: Pair.","in stock","new","99.00 AED","https://www.xpertonecreative.com/products/workland-sbp-non-metal-low-ankle-protective-footwear-black-color/","https://myodfvshmusywmhdozwt.supabase.co/storage/v1/object/public/product-photos/JJO/1789065616580-JJO.png","Xpertone Creative","Safety Shoes > Low-Ankle Safety Shoes","Safety Shoes","Low-Ankle Safety Shoes","Pair"
"FAR","Workland, SBP Protective Footwear","The FAR low ankle protective footwear is a reliable and durable choice for those working in industrial settings. The breathable mesh fabric allows for air to circulate, keeping feet cool and dry even during long shifts. The steel toe with Kevlar plate provides an extra layer of protection against heavy objects and impacts, while the PU rubber sole ensures good grip on any surface, even those with oil or other slippery substances. SKU: FAR. Unit: Pair.","in stock","new","89.00 AED","https://www.xpertonecreative.com/products/workland-sbp-protective-footwear-11/","https://myodfvshmusywmhdozwt.supabase.co/storage/v1/object/public/product-photos/FAR/1789065646367-FAR.png","Xpertone Creative","Safety Shoes > General Protective Footwear","Safety Shoes","General Protective Footwear","Pair"
"VIM","Workland, SBP Protective Footwear","Safety Shoes supplied by Xpertone Creative in Dubai and across the UAE. SKU: VIM. Unit: Pair.","in stock","new","97.00 AED","https://www.xpertonecreative.com/products/workland-sbp-protective-footwear-28/","https://myodfvshmusywmhdozwt.supabase.co/storage/v1/object/public/product-photos/VIM/1789065668033-VIM.png","Xpertone Creative","Safety Shoes > Low-Ankle Safety Shoes","Safety Shoes","Low-Ankle Safety Shoes","Pair"
"PAM","Workland, SBP Protective Footwear","Safety Shoes supplied by Xpertone Creative in Dubai and across the UAE. SKU: PAM. Unit: Pair.","in stock","new","100.00 AED","https://www.xpertonecreative.com/products/workland-sbp-protective-footwear-18/","https://myodfvshmusywmhdozwt.supabase.co/storage/v1/object/public/product-photos/PAM/1789065790107-PAM.png","Xpertone Creative","Safety Shoes > General Protective Footwear","Safety Shoes","General Protective Footwear","Pair"
"PDH","Workland, SBP Protective Footwear","Safety Shoes supplied by Xpertone Creative in Dubai and across the UAE. SKU: PDH. Unit: Pair.","in stock","new","100.00 AED","https://www.xpertonecreative.com/products/workland-non-matel-sbp-protective-footwear-1/","https://www.xpertonecreative.com/assets/img/products/clean-reference/safety-shoes/PDH.webp?v=20260916exact","Xpertone Creative","Safety Shoes > General Protective Footwear","Safety Shoes","General Protective Footwear","Pair"
"YAK","Workland, SBP Protective Footwear","Safety Shoes supplied by Xpertone Creative in Dubai and across the UAE. SKU: YAK. Unit: Pair.","in stock","new","100.00 AED","https://www.xpertonecreative.com/products/workland-sbp-protective-footwear-29/","https://myodfvshmusywmhdozwt.supabase.co/storage/v1/object/public/product-photos/YAK/1789065837899-YAK.png","Xpertone Creative","Safety Shoes > General Protective Footwear","Safety Shoes","General Protective Footwear","Pair"
"RBK","Workland, SBP Protective Footwear","The RBK Low Ankle Protective Footwear is a reliable and durable safety shoe designed to keep your feet protected in tough working conditions. Made with breathable mesh fabric and a steel toe with Kevlar midplate, this shoe provides maximum protection against impacts and punctures. The EVA sole and high-quality insole ensure maximum comfort during prolonged wear, while the oil-resistant and shock-absorbing features make this shoe ideal for oily and slippery surfaces. SKU: RBK. Unit: Pair.","in stock","new","79.00 AED","https://www.xpertonecreative.com/products/workland-sbp-non-metal-protective-footwear-1/","https://myodfvshmusywmhdozwt.supabase.co/storage/v1/object/public/product-photos/RBK/1789065849375-RBK.png","Xpertone Creative","Safety Shoes > General Protective Footwear","Safety Shoes","General Protective Footwear","Pair"
"JPU","Workland, SBP Slip-On Protective Shoes","Safety Shoes supplied by Xpertone Creative in Dubai and across the UAE. SKU: JPU. Unit: Pair.","in stock","new","100.00 AED","https://www.xpertonecreative.com/products/workland-sbp-slip-on-protective-shoes/","https://www.xpertonecreative.com/assets/img/products/clean-reference/safety-shoes/JPU.webp?v=20260916exact","Xpertone Creative","Safety Shoes > Executive & Slip-On Safety Shoes","Safety Shoes","Executive & Slip-On Safety Shoes","Pair"
"DHA","Workland, WaterProof and Anti Slip Kitchen Clogs","Introducing our premium EVA work shoe, designed to provide unbeatable comfort and safety. Made from 100% EVA material, it offers durability and flexibility. The slip-resistant feature ensures stability on various surfaces, reducing the risk of accidents. Its lightweight design allows for easy movement and all-day comfort. The padded insole provides cushioning and support, reducing fatigue during long work hours. With a unisex design, it caters to all wearers. Elevate your work experience with our high-quality, versatile work shoe. Choose comfort and reliability without compromising on style. SKU: DHA. Unit: Pair.","in stock","new","83.00 AED","https://www.xpertonecreative.com/products/workland-waterproof-and-anti-slip-kitchen-clogs/","https://myodfvshmusywmhdozwt.supabase.co/storage/v1/object/public/product-photos/DHA/1789065935439-DHA.png","Xpertone Creative","Safety Shoes > Kitchen & Anti-Slip Clogs","Safety Shoes","Kitchen & Anti-Slip Clogs","Pair"
"OTD","Adjustable Safety Vest","Safety Vests supplied by Xpertone Creative in Dubai and across the UAE. SKU: OTD. Unit: Pcs.","in stock","new","12.00 AED","https://www.xpertonecreative.com/products/adjustable-safety-vest/","https://myodfvshmusywmhdozwt.supabase.co/storage/v1/object/public/product-photos/mockups-2026-09-06/OTD.png","Xpertone Creative","Safety Vests > Other","Safety Vests","Other","Pcs"
"2X2","Premium, 100% Polyester Safety Fabric Vest, Orange Color","Safety Vests supplied by Xpertone Creative in Dubai and across the UAE. SKU: 2X2. Unit: Pcs.","in stock","new","5.00 AED","https://www.xpertonecreative.com/products/premium-100-polyester-safety-fabric-vest-orange-color/","https://myodfvshmusywmhdozwt.supabase.co/storage/v1/object/public/product-photos/mockups-2026-09-06/2X2.png","Xpertone Creative","Safety Vests > Safety Jacket","Safety Vests","Safety Jacket","Pcs"
"4X4","Premium, Executive Safety Fabric Vest with Zipper & Four Pockets, Orange Color","Safety Vests supplied by Xpertone Creative in Dubai and across the UAE. SKU: 4X4. Unit: Pcs.","in stock","new","20.00 AED","https://www.xpertonecreative.com/products/premium-executive-safety-fabric-vest-with-zipper-four-pockets-orange-color/","https://myodfvshmusywmhdozwt.supabase.co/storage/v1/object/public/product-photos/mockups-2026-09-06/4X4.png","Xpertone Creative","Safety Vests > Safety Jacket","Safety Vests","Safety Jacket","Pcs"
"6X6","Premium, Safety Fabric Vest with Zipper & 3 Pockets + Id Pocket, Orange Color","Safety Vests supplied by Xpertone Creative in Dubai and across the UAE. SKU: 6X6. Unit: Pcs.","in stock","new","20.00 AED","https://www.xpertonecreative.com/products/premium-safety-fabric-vest-with-zipper-3-pockets-id-pocket-orange-color/","https://myodfvshmusywmhdozwt.supabase.co/storage/v1/object/public/product-photos/mockups-2026-09-06/6X6.png","Xpertone Creative","Safety Vests > Safety Jacket","Safety Vests","Safety Jacket","Pcs"
"VOS","Vaultex Ultra Pro, 100% Polyester Safety Fabric Vest with Vaultex Reflective, Yellow Color","Safety Vests supplied by Xpertone Creative in Dubai and across the UAE. SKU: VOS. Unit: Pcs.","in stock","new","15.00 AED","https://www.xpertonecreative.com/products/vaultex-ultra-pro-100-polyester-safety-fabric-vest-with-vaultex-reflective-yellow-color/","https://myodfvshmusywmhdozwt.supabase.co/storage/v1/object/public/product-photos/mockups-2026-09-06/VOS.png","Xpertone Creative","Safety Vests > Safety Jacket","Safety Vests","Safety Jacket","Pcs"
"ICS","Vaultex Ultra Pro, Premium Safety First Fabric Vest with Zipper and 4 Pockets, Yellow Color","Safety Vests supplied by Xpertone Creative in Dubai and across the UAE. SKU: ICS. Unit: Pcs.","in stock","new","25.00 AED","https://www.xpertonecreative.com/products/vaultex-ultra-pro-premium-safety-first-fabric-vest-with-zipper-and-4-pockets-yellow-color/","https://myodfvshmusywmhdozwt.supabase.co/storage/v1/object/public/product-photos/mockups-2026-09-06/ICS.png","Xpertone Creative","Safety Vests > Reflective Tape","Safety Vests","Reflective Tape","Pcs"
"GSO","Vaultex Ultra Pro, Safety Fabric Vest with Zipper & 3 Pockets + Id Pocket, Green Color","Safety Vests supplied by Xpertone Creative in Dubai and across the UAE. SKU: GSO. Unit: Pcs.","in stock","new","25.00 AED","https://www.xpertonecreative.com/products/vaultex-ultra-pro-safety-fabric-vest-with-zipper-3-pockets-id-pocket-green-color/","https://myodfvshmusywmhdozwt.supabase.co/storage/v1/object/public/product-photos/mockups-2026-09-06/GSO.png","Xpertone Creative","Safety Vests > Safety Jacket","Safety Vests","Safety Jacket","Pcs"
"LVS","Vaultex Ultra Pro, Safety Fabric Vest with Zipper & 3 Pockets + Id Pocket, Yellow Color","Safety Vests supplied by Xpertone Creative in Dubai and across the UAE. SKU: LVS. Unit: Pcs.","in stock","new","25.00 AED","https://www.xpertonecreative.com/products/vaultex-ultra-pro-safety-fabric-vest-with-zipper-3-pockets-id-pocket-yellow-color/","https://myodfvshmusywmhdozwt.supabase.co/storage/v1/object/public/product-photos/mockups-2026-09-06/LVS.png","Xpertone Creative","Safety Vests > Safety Jacket","Safety Vests","Safety Jacket","Pcs"
"FAT","Vaultex Ultra Pro, Safety Mesh Type Vest with 3 Pockets, Blue Color","Safety Vests supplied by Xpertone Creative in Dubai and across the UAE. SKU: FAT. Unit: Pcs.","in stock","new","25.00 AED","https://www.xpertonecreative.com/products/vaultex-ultra-pro-safety-mesh-type-vest-with-3-pockets-blue-color/","https://myodfvshmusywmhdozwt.supabase.co/storage/v1/object/public/product-photos/mockups-2026-09-06/FAT.png","Xpertone Creative","Safety Vests > Reflective Tape","Safety Vests","Reflective Tape","Pcs"
"RSJ","Vaultex Ultra Pro, Safety Mesh Type Vest with Zipper, Yellow Color","Safety Vests supplied by Xpertone Creative in Dubai and across the UAE. SKU: RSJ. Unit: Pcs.","in stock","new","15.00 AED","https://www.xpertonecreative.com/products/vaultex-ultra-pro-safety-mesh-type-vest-with-zipper-yellow-color/","https://myodfvshmusywmhdozwt.supabase.co/storage/v1/object/public/product-photos/mockups-2026-09-06/RSJ.png","Xpertone Creative","Safety Vests > Reflective Tape","Safety Vests","Reflective Tape","Pcs"
"HJD","Vaultex, 100% Polyester Fabric Safety Vest, Blue Color","Vaultex Reflective Fabric Vest is a safety material that's durable and breathable. The easy on zipper closure will make sure you don't waste time putting on your safety vest. Wear this safety vest and reduce this risk of accidents by increasing the distance at which the drivers will see you. SKU: HJD. Unit: Pcs.","in stock","new","12.00 AED","https://www.xpertonecreative.com/products/vaultex-100-polyester-fabric-safety-vest-blue-color/","https://myodfvshmusywmhdozwt.supabase.co/storage/v1/object/public/product-photos/mockups-2026-09-06/HJD.png","Xpertone Creative","Safety Vests > Safety Jacket","Safety Vests","Safety Jacket","Pcs"
"VIO","Vaultex, 100% Polyester Safety Fabric Vest with Zipper, Orange Color","Safety Vests supplied by Xpertone Creative in Dubai and across the UAE. SKU: VIO. Unit: Pcs.","in stock","new","12.00 AED","https://www.xpertonecreative.com/products/vaultex-100-polyester-safety-fabric-vest-with-zipper-orange-color/","https://myodfvshmusywmhdozwt.supabase.co/storage/v1/object/public/product-photos/mockups-2026-09-06/VIO.png","Xpertone Creative","Safety Vests > Fabric","Safety Vests","Fabric","Pcs"
"ASU","Vaultex, 100% Polyester Safety Fabric Vest with Zipper, Yellow Color","Safety Vests supplied by Xpertone Creative in Dubai and across the UAE. SKU: ASU. Unit: Pcs.","in stock","new","12.00 AED","https://www.xpertonecreative.com/products/vaultex-100-polyester-safety-fabric-vest-with-zipper-yellow-color/","https://myodfvshmusywmhdozwt.supabase.co/storage/v1/object/public/product-photos/mockups-2026-09-06/ASU.png","Xpertone Creative","Safety Vests > With Reflective","Safety Vests","With Reflective","Pcs"
"OUA","Vaultex, 100% Polyester Safety Fabric Vest, Orange/Yellow Color","Safety Vests supplied by Xpertone Creative in Dubai and across the UAE. SKU: OUA. Unit: Pcs.","in stock","new","7.00 AED","https://www.xpertonecreative.com/products/vaultex-100-polyester-safety-fabric-vest-orange-yellow-color/","https://myodfvshmusywmhdozwt.supabase.co/storage/v1/object/public/product-photos/mockups-2026-09-06/OUA.png","Xpertone Creative","Safety Vests > Reflective Tape","Safety Vests","Reflective Tape","Pcs"
"ORB","Vaultex, 100% Polyester Safety Fabric Vest, Yellow Color","ORB by vaultex is a Reflective Fabric Vest. The jacket is made with 100% polyester fabric and offers the best wearing comfort. It features 2 vertical & 2 Horizontal grey high visibility reflective stripes to give high visibility in dark conditions. In addition, It comes with velcro closure that keeps the elements out when you need it most. SKU: ORB. Unit: Pcs.","in stock","new","7.00 AED","https://www.xpertonecreative.com/products/vaultex-100-polyester-safety-fabric-vest-yellow-color/","https://myodfvshmusywmhdozwt.supabase.co/storage/v1/object/public/product-photos/mockups-2026-09-06/ORB.png","Xpertone Creative","Safety Vests > Safety Jacket","Safety Vests","Safety Jacket","Pcs"
"JBP","Vaultex, 100% Polyester Safety Fabric Vest, Yellow/Orange Color","Safety Vests supplied by Xpertone Creative in Dubai and across the UAE. SKU: JBP. Unit: Pcs.","in stock","new","7.00 AED","https://www.xpertonecreative.com/products/vaultex-100-polyester-safety-fabric-vest-yellow-orange-color/","https://myodfvshmusywmhdozwt.supabase.co/storage/v1/object/public/product-photos/mockups-2026-09-06/JBP.png","Xpertone Creative","Safety Vests > Reflective Tape","Safety Vests","Reflective Tape","Pcs"
"CKD","Vaultex, 100% Polyester Safety Vest Fabric Type, Black Color","Vaultex Reflective Fabric Vest CKD ensures quick detection of the wearers and even avoid any potential mishap or accident during a rescue operation. They are worn by people engaged in road, rail or low visibility areas. They provide are made of 100% 100% polyester knitted fluorescent fabric with 2 vertical and 2 horizontal retro reflectives with Velcro closures. SKU: CKD. Unit: Pcs.","in stock","new","12.00 AED","https://www.xpertonecreative.com/products/vaultex-100-polyester-safety-vest-fabric-type-black-color/","https://myodfvshmusywmhdozwt.supabase.co/storage/v1/object/public/product-photos/mockups-2026-09-06/CKD.png","Xpertone Creative","Safety Vests > Safety Jacket","Safety Vests","Safety Jacket","Pcs"
"BAV","Vaultex, 65/35 Vest Coat, 195 Gsm, Navy Blue","Safety Vests supplied by Xpertone Creative in Dubai and across the UAE. SKU: BAV. Unit: Pcs.","in stock","new","48.00 AED","https://www.xpertonecreative.com/products/vaultex-twill-vest-navy-blue/","https://myodfvshmusywmhdozwt.supabase.co/storage/v1/object/public/product-photos/mockups-2026-09-06/BAV.png","Xpertone Creative","Safety Vests > Other","Safety Vests","Other","Pcs"
"NKO","Vaultex, Executive Safety Fabric Vest with Zipper & Four Pockets, Yellow Color","Vaultex manufactured NKO is an Executive Fabric Safety Vest that is unique and a must-have for every corporate employee. It is made with 100 % Polyester Knitted Fluorescent Fabric designed for optimum visibility. NKO features built-in 2 Chest Pockets And 2 Spacious Bottom Pockets. The pockets are a Notepad Pocket With Velcro Closure on the chest, that can hold pens, notepads etc. In addition, it comes with 2 Vertical & 2 Horizontal HD Grey Reflective Stripes on both sides with velcro closure. SKU: NKO. Unit: Pcs.","in stock","new","20.00 AED","https://www.xpertonecreative.com/products/vaultex-executive-safety-fabric-vest-with-zipper-four-pockets-yellow-color/","https://myodfvshmusywmhdozwt.supabase.co/storage/v1/object/public/product-photos/mockups-2026-09-06/NKO.png","Xpertone Creative","Safety Vests > Safety Jacket","Safety Vests","Safety Jacket","Pcs"
"FSL","Vaultex, Executive Safety Fabric Vest with Zipper & Four Pockets, Yellow/Blue Color","Safety Vests supplied by Xpertone Creative in Dubai and across the UAE. SKU: FSL. Unit: Pcs.","in stock","new","25.00 AED","https://www.xpertonecreative.com/products/vaultex-executive-safety-fabric-vest-with-zipper-four-pockets-yellow-blue-color/","https://myodfvshmusywmhdozwt.supabase.co/storage/v1/object/public/product-photos/mockups-2026-09-06/FSL.png","Xpertone Creative","Safety Vests > Other","Safety Vests","Other","Pcs"
"APD","Vaultex, Net Vest with Four Line Reflective of 2 Inch, Yellow Color","APD by vaultex is a Reflective Net Vest made for professional required protection while working.It is made of 100% Polyester Knitted Fluorescent Fabric to enhance visibility during lowlight conditions. It is designed with 2 Vertical & 2 Horizontal Reflective to stand up to severe weather conditions while being durable and long lasting.In addition, It comes with a velcro closure for added comfort & fitting. SKU: APD. Unit: PCS.","in stock","new","12.00 AED","https://www.xpertonecreative.com/products/vaultex-net-vest-with-four-line-reflective-of-2-inch-yellow-color/","https://myodfvshmusywmhdozwt.supabase.co/storage/v1/object/public/product-photos/mockups-2026-09-06/APD.png","Xpertone Creative","Safety Vests > Safety Jacket","Safety Vests","Safety Jacket","PCS"
"JIB","Vaultex, Safety Fabric Type Pullover Vest with Reflective for Kids, Green Color","Safety Vests supplied by Xpertone Creative in Dubai and across the UAE. SKU: JIB. Unit: Pcs.","in stock","new","12.00 AED","https://www.xpertonecreative.com/products/vaultex-safety-fabric-type-pullover-vest-with-reflective-for-kids-green-color/","https://myodfvshmusywmhdozwt.supabase.co/storage/v1/object/public/product-photos/mockups-2026-09-06/JIB.png","Xpertone Creative","Safety Vests > Reflective Tape","Safety Vests","Reflective Tape","Pcs"
"AGS","Vaultex, Safety Fabric Type Vest with Zipper & Pockets, Red & Navy Blue Color","Safety Vests supplied by Xpertone Creative in Dubai and across the UAE. SKU: AGS. Unit: Pcs.","in stock","new","25.00 AED","https://www.xpertonecreative.com/products/vaultex-safety-fabric-type-vest-with-zipper-pockets-red-navy-blue-color/","https://myodfvshmusywmhdozwt.supabase.co/storage/v1/object/public/product-photos/mockups-2026-09-06/AGS.png","Xpertone Creative","Safety Vests > Other","Safety Vests","Other","Pcs"
"SPD","Vaultex, Safety Fabric Vest with Zipper & 3 Pockets + Id Pocket, Blue Color","Safety Vests supplied by Xpertone Creative in Dubai and across the UAE. SKU: SPD. Unit: Pcs.","in stock","new","20.00 AED","https://www.xpertonecreative.com/products/vaultex-safety-fabric-vest-with-zipper-3-pockets-id-pocket-blue-color/","https://myodfvshmusywmhdozwt.supabase.co/storage/v1/object/public/product-photos/mockups-2026-09-06/SPD.png","Xpertone Creative","Safety Vests > Other","Safety Vests","Other","Pcs"
"SUV","Vaultex, Safety Fabric Vest with Zipper & 3 Pockets + Id Pocket, Yellow Color","Introducing the SUV Safety Fabric Vest with Multiple Pockets, a practical and high-visibility vest designed to enhance safety and functionality in various work settings. Manufactured in China, this vest is constructed from 100% polyester fabric with a lightweight yet durable 155 GSM rating. Featuring high-quality retroreflective material, this vest ensures optimal visibility in low-light conditions, making you easily identifiable to others. The vest comes with a reliable zip closure for secure wear. What sets this vest apart are its convenient pockets, providing ample storage for essential items. It includes 2 lower utility pockets for tools and equipment, 1 ID pocket for easy identification, 1 pen pocket for quick access to writing instruments, and 1 radio pocket for secure storage of communication devices. Whether you're working in construction, security, or any profession where visibility and organization are essential, the SUV Safety Fabric Vest with Multiple Pockets is the ideal choice to help you stay efficient and safe on the job. SKU: SUV. Unit: Pcs.","in stock","new","20.00 AED","https://www.xpertonecreative.com/products/vaultex-safety-fabric-vest-with-zipper-3-pockets-id-pocket-yellow-color/","https://myodfvshmusywmhdozwt.supabase.co/storage/v1/object/public/product-photos/mockups-2026-09-06/SUV.png","Xpertone Creative","Safety Vests > Safety Jacket","Safety Vests","Safety Jacket","Pcs"
"BKM","Vaultex, Safety Fabric Vest with Zipper & 4 Pocket, Yellow & Black Color","BKM by vaultex is a Fabric Safety Vest made with Reflective. It is designed with 100% polyester fabric and black lining to help keep you safe in the dark. With its 2 vertical and 2 horizontal high-quality vaultex reflectives, it will enable the wearer to be easily spotted in low light conditions. Velcro closures are present on this jacket. It has 4 multifunction pockets, which can be used to keep important personal items like mobile, keys.Two chest pockets and two spacious bottom pockets also come with it. SKU: BKM. Unit: Pcs.","in stock","new","25.00 AED","https://www.xpertonecreative.com/products/vaultex-safety-fabric-vest-with-zipper-4-pocket-yellow-black-color/","https://myodfvshmusywmhdozwt.supabase.co/storage/v1/object/public/product-photos/mockups-2026-09-06/BKM.png","Xpertone Creative","Safety Vests > Safety Jacket","Safety Vests","Safety Jacket","Pcs"
"BDH","Vaultex, Safety Fabric Vest with Zipper & 4 Pocket, Yellow & Blue Color","Executive Fabric Vests with 5 Pockets BDH ensure quick detection of the wearers and even avoid any potential mishap or accident during a rescue operation. They are worn by people engaged in road, rail or low visibility areas. They provide 100% polyester fabric vest with high quality reflectives and zip closure. SKU: BDH. Unit: Pcs.","in stock","new","25.00 AED","https://www.xpertonecreative.com/products/vaultex-safety-fabric-vest-with-zipper-4-pocket-yellow-blue-color/","https://myodfvshmusywmhdozwt.supabase.co/storage/v1/object/public/product-photos/mockups-2026-09-06/BDH.png","Xpertone Creative","Safety Vests > Safety Jacket","Safety Vests","Safety Jacket","Pcs"
"ZKR","Vaultex, Safety Fabric Vest with Zipper & ID Pocket, Orange Color","The Reflective Fabric Vests with Zipper & ID Pockets ZKR are made of PPE and are retro reflective coatings. They are used to provide visibility to the wearer in low light or daylight conditions. They come in high contrast lighting background colors. It also gives quick detection of the wearer. SKU: ZKR. Unit: Pcs.","in stock","new","12.00 AED","https://www.xpertonecreative.com/products/vaultex-safety-fabric-vest-with-zipper-id-pocket-orange-color/","https://myodfvshmusywmhdozwt.supabase.co/storage/v1/object/public/product-photos/mockups-2026-09-06/ZKR.png","Xpertone Creative","Safety Vests > Safety Jacket","Safety Vests","Safety Jacket","Pcs"
"RTA","Vaultex, Safety Fabric Vest with Zipper & Pocket, Orange Color","Introducing the RTA Executive Fabric Vest with 5 Pockets, a versatile and high-quality vest designed to meet the needs of professionals in various fields. Manufactured in China, this vest is crafted from 100% polyester fabric with a durable 170 GSM rating. Featuring high-quality retroreflective material, this vest enhances your visibility, ensuring you remain easily visible even in low-light conditions. The vest is equipped with a reliable zip closure for secure wear. What sets this vest apart are its practical pockets. It includes 2 front utility pockets for convenient storage of tools and essentials, 1 ID pocket for easy identification, 1 pen pocket for quick access to writing instruments, and 1 radio pocket complete with a D Ring and mic tab, providing a secure spot for communication devices. Whether you're in the construction industry, security, or any profession that requires visibility and organization, the RTA Executive Fabric Vest with 5 Pockets is a must-have accessory to keep you efficient and safe on the job. SKU: RTA. Unit: Pcs.","in stock","new","20.00 AED","https://www.xpertonecreative.com/products/vaultex-safety-fabric-vest-with-zipper-pocket-yellow-color/","https://myodfvshmusywmhdozwt.supabase.co/storage/v1/object/public/product-photos/mockups-2026-09-06/RTA.png","Xpertone Creative","Safety Vests > Safety Jacket","Safety Vests","Safety Jacket","Pcs"
"BUP","Vaultex, Safety Fabric Vest with Zipper and Id Pocket, Yellow Color","BUP by vaultex is a Fabric Safety Vest made with Reflective Fabric Vest with Zipper & ID Pocket. It is designed to keep you visible and safe. This durable, safety jacket is made of 100% polyester with a black lining. It features high-quality 2 Vertical & 2 Horizontal Reflective to make you easy to see in dark conditions. Theres also an outer ID pocket to keep your essentials close. The zip closure keeps the elements out when you need it most. SKU: BUP. Unit: Pcs.","in stock","new","15.00 AED","https://www.xpertonecreative.com/products/vaultex-safety-fabric-vest-with-zipper-and-id-pocket-yellow-color/","https://myodfvshmusywmhdozwt.supabase.co/storage/v1/object/public/product-photos/mockups-2026-09-06/BUP.png","Xpertone Creative","Safety Vests > Safety Jacket","Safety Vests","Safety Jacket","Pcs"
"BGP","Vaultex, Safety Fabric Vest, Red Color","BGP manufactured by vaultex is a Reflective Fabric Vest. It is made of 100% polyester knitted fluorescent fabric which provides superior visibility when worn during nighttime and daytime. It is also designed with 2 vertical & 2 horizontal HD grey reflective stripes for maximum visibility. In addition, it comes with Velcro closures to keep the front straps in place while you are moving around. SKU: BGP. Unit: Pcs.","in stock","new","7.00 AED","https://www.xpertonecreative.com/products/vaultex-safety-fabric-vest-red-color/","https://myodfvshmusywmhdozwt.supabase.co/storage/v1/object/public/product-photos/mockups-2026-09-06/BGP.png","Xpertone Creative","Safety Vests > Safety Jacket","Safety Vests","Safety Jacket","Pcs"
"IFS","Vaultex, Safety Mesh Type Pullover Vest with Reflective, Green Color","Safety Vests supplied by Xpertone Creative in Dubai and across the UAE. SKU: IFS. Unit: Pcs.","in stock","new","15.00 AED","https://www.xpertonecreative.com/products/vaultex-safety-mesh-type-pullover-vest-with-reflective-green-color/","https://myodfvshmusywmhdozwt.supabase.co/storage/v1/object/public/product-photos/mockups-2026-09-06/IFS.png","Xpertone Creative","Safety Vests > Safety Mesh","Safety Vests","Safety Mesh","Pcs"
"TTL","Vaultex, Safety Vest Net Type, Orange Color","TTL manufactured by vaultex is a Reflective Net Vest made with Reflective. It is made of 100% Polyester Knitted Fluorescent Fabric to enhance visibility during lowlight conditions. It is designed with 2 grey reflective stripes both in front & back. In addition, It comes with a velcro closure for added comfort & fitting. SKU: TTL. Unit: Pcs.","in stock","new","12.00 AED","https://www.xpertonecreative.com/products/vaultex-safety-vest-net-type-orange-color/","https://myodfvshmusywmhdozwt.supabase.co/storage/v1/object/public/product-photos/mockups-2026-09-06/TTL.png","Xpertone Creative","Safety Vests > Safety Jacket","Safety Vests","Safety Jacket","Pcs"
"ANS","Vaultex, Safety Vest With Pockets, Yellow/Navy Blue Color","Safety Vests supplied by Xpertone Creative in Dubai and across the UAE. SKU: ANS. Unit: Pcs.","in stock","new","25.00 AED","https://www.xpertonecreative.com/products/vaultex-safety-vest-with-pockets-yellow-navy-blue-color/","https://myodfvshmusywmhdozwt.supabase.co/storage/v1/object/public/product-photos/mockups-2026-09-06/ANS.png","Xpertone Creative","Safety Vests > Safety Jacket","Safety Vests","Safety Jacket","Pcs"
"VTA","Vaultex, Safety Vest, Front Side Fabric and Black Side Net with Vaultex Reflective, Yellow Color","Safety Vests supplied by Xpertone Creative in Dubai and across the UAE. SKU: VTA. Unit: Pcs.","in stock","new","25.00 AED","https://www.xpertonecreative.com/products/vaultex-safety-vest-front-side-fabric-and-black-side-net-with-vaultex-reflective-yellow-color/","https://myodfvshmusywmhdozwt.supabase.co/storage/v1/object/public/product-photos/mockups-2026-09-06/VTA.png","Xpertone Creative","Safety Vests > Safety Jacket","Safety Vests","Safety Jacket","Pcs"
"PHL","Workland, Safety Fabric Vest, Two Line, Orange Color","PHL by vaultex is a Reflective Safety Vest with reflective. It is a 100 % polyester fluorescent jacket with 2 Horizontal Reflective Stripes with velcro closure. This fabric is made of high-quality polyester Fluorescent which is very comfortable to wear. The jacket comes in a vibrant colour that can be seen from long distances. SKU: PHL. Unit: Pcs.","in stock","new","4.00 AED","https://www.xpertonecreative.com/products/workland-safety-fabric-vest-two-line-orange-color/","https://myodfvshmusywmhdozwt.supabase.co/storage/v1/object/public/product-photos/mockups-2026-09-06/PHL.png","Xpertone Creative","Safety Vests > Safety Jacket","Safety Vests","Safety Jacket","Pcs"
"MLD","Workland, Safety Half Sleves Fabric Vest with Reflective, Yellow & Navy Blue Color","Safety Vests supplied by Xpertone Creative in Dubai and across the UAE. SKU: MLD. Unit: Pcs.","in stock","new","25.00 AED","https://www.xpertonecreative.com/products/workland-safety-half-sleves-fabric-vest-with-reflective-yellow-black-color/","https://myodfvshmusywmhdozwt.supabase.co/storage/v1/object/public/product-photos/mockups-2026-09-06/MLD.png","Xpertone Creative","Safety Vests > Other","Safety Vests","Other","Pcs"
"HBC","Zecchin, Premium Fabric Vest with Zipper, 3 Pockets & 3M Scotchlite Reflective Tape, Yellow Color","Safety Vests supplied by Xpertone Creative in Dubai and across the UAE. SKU: HBC. Unit: Pcs.","in stock","new","30.00 AED","https://www.xpertonecreative.com/products/zecchin-premium-fabric-vest-with-zipper-3-pockets-3m-scotchlite-reflective-tape-yellow-color/","https://myodfvshmusywmhdozwt.supabase.co/storage/v1/object/public/product-photos/mockups-2026-09-06/HBC.png","Xpertone Creative","Safety Vests > Reflective Tape","Safety Vests","Reflective Tape","Pcs"
"WAQ","Zecchin, Premium Safety Fabric Vest, Red Color","Safety Vests supplied by Xpertone Creative in Dubai and across the UAE. SKU: WAQ. Unit: Pcs.","in stock","new","10.00 AED","https://www.xpertonecreative.com/products/zecchin-premium-safety-fabric-vest-red-color/","https://myodfvshmusywmhdozwt.supabase.co/storage/v1/object/public/product-photos/mockups-2026-09-06/WAQ.png","Xpertone Creative","Safety Vests > Reflective Tape","Safety Vests","Reflective Tape","Pcs"
"HVK","High Visibility Knotted Fence, Orange Color, 50 Mtrs, 5 Kg","HVK High visibility, good quality, and low cost, this fencing mesh manufactured by SCI, a kind of clear plastic that resists bending and rotting. Lighter, longer-lasting, and more sustainable than its competitors, our fencing mesh can be easily assembled and disassembled and is reusable. Fencing Mesh is a high strength and anti-corrosion material with a weight of 5 kg. The heat-resistant and ageing resistant fencing mesh is designed to meet the needs of the demanding market for fencing or other construction purposes. SKU: HVK. Unit: Pcs.","in stock","new","94.00 AED","https://www.xpertonecreative.com/products/high-visibility-knotted-fence-orange-color-50-mtrs-5-kg/","https://www.xpertonecreative.com/assets/img/products/traffic-safety/HVK.png","Xpertone Creative","Traffic & Road Safety > Safety Mesh","Traffic & Road Safety","Safety Mesh","Pcs"
"TAC","PE Post with 45 cm Reflective Tape, Red Color, Part No: S1406-120","Keep your kids safe with TAC Reflective PE POST. We understand that safety is paramount for you and your family, which is why we've designed these high-quality posts to be the ultimate solution for all your child safety needs. Built to the highest industry standards, these posts are strong, durable, and come with everything you need to set them up quickly and easily. SKU: TAC. Unit: Pcs.","in stock","new","60.00 AED","https://www.xpertonecreative.com/products/pe-post-with-45-cm-reflective-tape-red-color-part-no-s1406-120/","https://www.xpertonecreative.com/assets/img/products/traffic-safety/TAC.png","Xpertone Creative","Traffic & Road Safety > Warning Post","Traffic & Road Safety","Warning Post","Pcs"
"UDP","PVC Cone with 15 + 10 cm Reflective Tape, 90 cm, Red Color, Part No: S1233","Protect your site now with our S1233 Red PVC UDP cones with 15 + 10cm Reflective tape. This one-piece, flow-molded design is made of sturdy plastic that resists fading, cracks, and corrosion. It's also easy to see during the day and night thanks to its fluorescent red color. The wide base provides stability and the reflective band ensures maximum visibility. SKU: UDP. Unit: Pcs.","in stock","new","96.00 AED","https://www.xpertonecreative.com/products/pvc-cone-with-15-10-cm-reflective-tape-90-cm-red-color-part-no-s1233/","https://www.xpertonecreative.com/assets/img/products/traffic-safety/UDP.png","Xpertone Creative","Traffic & Road Safety > Traffic Cone","Traffic & Road Safety","Traffic Cone","Pcs"
"MSO","SCI, Road Mesh, 100 gsm, Size: 1 M X 50 Mtrs","MSO High visibility, good quality, and low cost, this fencing mesh manufactured by SCI, a kind of clear plastic that resists bending and rotting. Lighter, longer-lasting, and more sustainable than its competitors, our fencing mesh can be easily assembled and disassembled and is reusable. Fencing Mesh is a high strength and anti-corrosion material with a weight of 5 kg. The heat-resistant and ageing resistant fencing mesh is designed to meet the needs of the demanding market for fencing or other construction purposes SKU: MSO. Unit: Pcs.","in stock","new","73.00 AED","https://www.xpertonecreative.com/products/sci-road-mesh-100-gsm-size-1-m-x-50-mtrs/","https://www.xpertonecreative.com/assets/img/products/traffic-safety/MSO.png","Xpertone Creative","Traffic & Road Safety > Safety Mesh","Traffic & Road Safety","Safety Mesh","Pcs"
"S1359B","SCI, Solar Light for Traffic Cone with 6 LEDs, Part No: S1359B","S1359B Solar Flashing Light with 6 LEDs is manufactured by SCI. Whether you're in a park, in the middle of a large field, or just in your backyard, you'll be able to find this light and be able to see it from more than 200 meters away. The amber color will be easily seen from a distance and won't blend in with the background. It's a polycarbonate flashing panel that is eyeable from a distance and it also has an ON/OFF switch to turn off when stored. SKU: S1359B. Unit: Pcs.","in stock","new","35.00 AED","https://www.xpertonecreative.com/products/sci-solar-light-for-traffic-cone-with-6-leds-part-no-s1359b/","https://www.xpertonecreative.com/assets/img/products/traffic-safety/S1359B.png","Xpertone Creative","Traffic & Road Safety > For Cone","Traffic & Road Safety","For Cone","Pcs"
"S1325","SCI, Solar Light with 4 LEDs, Part No: S1325","This S1325 solar flashing light manufactured by SCI is a great choice for safety. The light is visible in a 360&deg; direction at 60 flashes per minute. It includes a reflective strip for added visibility. This light is a great choice for safety. The light is visible in a 360&deg; direction at 60 flashes per minute. It includes a reflective strip for added visibility. The light is powered by a monocrystalline solar panel, and it has a light sensitive switch that ensures automatic lumination in the dark. It is fully sealed for durability against dust and water, and the ON/OFF switch turns off when stored. SKU: S1325. Unit: Pcs.","in stock","new","38.00 AED","https://www.xpertonecreative.com/products/sci-solar-light-with-4-leds-part-no-s1325/","https://www.xpertonecreative.com/assets/img/products/traffic-safety/S1325.png","Xpertone Creative","Traffic & Road Safety > Solar Light","Traffic & Road Safety","Solar Light","Pcs"
"S1317","SCI, Solar Warning Light with Bracket, Part No: S1317","The S1317 RED Solar Flashing Light with Bracket manufactured by SCI has a High Intensity Double Sided Light with Bright LED, UV Stabilised High Impact Polyethylene Case, Outside Water-Proof Switch with Photocell Make the Light Dusk on. The solar flashing light with brackets features a high intensity double sided light with bright LED, UV stabilised high impact polyethylene case, outside water-proof switch with photocell to make the light dusk on. This solar flashing light is made from durable materials that can withstand any weather condition. It is perfect for outdoor events, construction sites, and more. SKU: S1317. Unit: Pcs.","in stock","new","44.00 AED","https://www.xpertonecreative.com/products/sci-solar-warning-light-with-bracket-part-no-s1317/","https://www.xpertonecreative.com/assets/img/products/traffic-safety/S1317.png","Xpertone Creative","Traffic & Road Safety > With Metal Handle and Bracket","Traffic & Road Safety","With Metal Handle and Bracket","Pcs"
"S1317RED","SCI, Solar Warning Light with Bracket, Part No: S1317","The S1317RED Solar Flashing Light with Bracket is a high-intensity double-sided light with bright LEDs enclosed in a UV-stabilized high-impact polyethylene case. The light features an outside water-proof switch with photocell technology that automatically turns the light on at dusk and off at dawn. It also has a metal handle and bracket for easy installation. SKU: S1317RED. Unit: Pcs.","in stock","new","39.00 AED","https://www.xpertonecreative.com/products/sci-solar-warning-light-with-bracket-part-no-s1317-1/","https://www.xpertonecreative.com/assets/img/products/traffic-safety/S1317RED.png","Xpertone Creative","Traffic & Road Safety > With Metal Handle and Bracket","Traffic & Road Safety","With Metal Handle and Bracket","Pcs"
"ISO","Traffic Baton Light without Battery, Red Color, Size: 54 x 4 cm","ISO Traffic Baton Light is a non-lethal way to protect yourself from would-be attackers. This safety light is designed for maximum visibility and features a steady red light and a quick flashing red light. In addition to the two light modes, this baton light has additional features such as a flashlight for emergencies and a sound detector for alerting you to potentially dangerous situations. SKU: ISO. Unit: Pcs.","in stock","new","17.00 AED","https://www.xpertonecreative.com/products/traffic-baton-light-without-battery-red-color-size-54-x-4-cm/","https://www.xpertonecreative.com/assets/img/products/traffic-safety/ISO.png","Xpertone Creative","Traffic & Road Safety > Single Color","Traffic & Road Safety","Single Color","Pcs"
"PKA","Traffic Baton without Battery, Green Color, Size: 54 x 4 cm","It's the only traffic baton light with a Green flashing and green steady light. PKA Traffic Baton Light is an exclusive product for all police, school, and construction workers. The construction worker will be able to use the Green flashing light as a warning for other vehicles and workers on site, and the green steady light as a signal for other vehicles to pass safely. SKU: PKA. Unit: Pcs.","in stock","new","17.00 AED","https://www.xpertonecreative.com/products/traffic-baton-without-battery-green-color-size-54-x-4-cm/","https://www.xpertonecreative.com/assets/img/products/traffic-safety/PKA.png","Xpertone Creative","Traffic & Road Safety > Single Color","Traffic & Road Safety","Single Color","Pcs"
"ROJ","Traffic Baton, Red Flash & Green Flash without Battery, White Color, Size: 54x4 cm, Part No: S1588","With Red Flashing/Green Steady Light Dimension :- 54 X 4cm Battery not included SKU: ROJ. Unit: Pcs.","in stock","new","21.00 AED","https://www.xpertonecreative.com/products/traffic-baton-red-flash-green-flash-without-battery-white-color-size-54x4-cm-part-no-s1588/","https://www.xpertonecreative.com/assets/img/products/traffic-safety/ROJ.png","Xpertone Creative","Traffic & Road Safety > Double Color","Traffic & Road Safety","Double Color","Pcs"
"WPN","Traffic Post, 75 cm","The 75cm pvc WPN Red Warning Post With 3 High Intensity Grade Reflective Rings on the bottom manufactured by SCI, perfect for internal areas in slow moving traffic, signs or adjacent to exits or highways. It also secures with a 8cm Diameter and 20 cm base Diameter. The Red warning posts have been created in order to acquire its original state as quickly as possible after being impacted by force. SKU: WPN. Unit: Pcs.","in stock","new","38.00 AED","https://www.xpertonecreative.com/products/traffic-post-75-cm/","https://www.xpertonecreative.com/assets/img/products/traffic-safety/WPN.png","Xpertone Creative","Traffic & Road Safety > Warning Post","Traffic & Road Safety","Warning Post","Pcs"
"BAT","American Tag, 35/65 Coverall, Beige Color","BAT is a 65/35 Poly Cotton Mix COVERALL manufactured by AMERICAN TAG top quality and competitively priced. It has Two Way Zipper With Storm Flap And 1 Upper Chest Button,1 Chest Pocket With Button Flap. Trouser With 2 Swing Pockets And 2 Patch Pockets At The Back, Elasticized WaistBand At Back With Fastening Metal Buckle For Safety And Comfort. SKU: BAT. Unit: Pcs.","in stock","new","35.00 AED","https://www.xpertonecreative.com/products/american-tag-35-65-coverall-beige-color/","https://myodfvshmusywmhdozwt.supabase.co/storage/v1/object/public/product-photos/BAT/1788896394061-american-tag-35-65-coverall-beige-color.png","Xpertone Creative","Workwear & Uniforms > Protective Coverall","Workwear & Uniforms","Protective Coverall","Pcs"
"GAT","American Tag, 35/65 Coverall, Green Color","GAT is a 65/35 Poly-Cotton Mix COVERALL manufactured by AMERICAN TAG top quality and competitively priced. It has Two Way Zipper With Storm Flap And 1 Upper Chest Button,1 Chest Pocket With Button Flap. Trouser With 2 Swing Pockets And 2 Patch Pockets At The Back, Elasticized WaistBand At Back With Fastening Metal Buckle For Safety And Comfort. SKU: GAT. Unit: Pcs.","in stock","new","35.00 AED","https://www.xpertonecreative.com/products/american-tag-35-65-coverall-green-color/","https://myodfvshmusywmhdozwt.supabase.co/storage/v1/object/public/product-photos/GAT/1788896455375-american-tag-35-65-coverall-green-color.png","Xpertone Creative","Workwear & Uniforms > Protective Coverall","Workwear & Uniforms","Protective Coverall","Pcs"
"NAT","American Tag, 35/65 Coverall, Navy Blue Color","NAT is a 65/35 Poly-Cotton Mix COVERALL manufactured by AMERICAN TAG top quality and competitively priced. It has Two Way Zipper With Storm Flap And 1 Upper Chest Button,1 Chest Pocket With Button Flap. Trouser With 2 Swing Pockets And 2 Patch Pockets At The Back, Elasticized WaistBand At Back With Fastening Metal Buckle For Safety And Comfort. SKU: NAT. Unit: Pcs.","in stock","new","34.00 AED","https://www.xpertonecreative.com/products/american-tag-35-65-coverall-navy-blue-color/","https://myodfvshmusywmhdozwt.supabase.co/storage/v1/object/public/product-photos/NAT/1788896529074-american-tag-35-65-coverall-navy-blue-color.png","Xpertone Creative","Workwear & Uniforms > Protective Coverall","Workwear & Uniforms","Protective Coverall","Pcs"
"PAT","American Tag, 35/65 Coverall, Petrol Blue Color","PAT is a 65/35 Poly-Cotton Mix COVERALL manufactured by AMERICAN TAG top quality and competitively priced. It has Two Way Zipper With Storm Flap And 1 Upper Chest Button,1 Chest Pocket With Button Flap. Trouser With 2 Swing Pockets And 2 Patch Pockets At The Back, Elasticized WaistBand At Back With Fastening Metal Buckle For Safety And Comfort. SKU: PAT. Unit: Pcs.","in stock","new","35.00 AED","https://www.xpertonecreative.com/products/american-tag-35-65-coverall-petrol-blue-color/","https://www.xpertonecreative.com/assets/img/products/clean-reference/uniforms/PAT.webp?v=20260916exact","Xpertone Creative","Workwear & Uniforms > Protective Coverall","Workwear & Uniforms","Protective Coverall","Pcs"
"YAT","American Tag, 35/65 Coverall, Yellow Color","YAT is a 65/35 Poly-Cotton Mix COVERALL manufactured by AMERICAN TAG top quality and competitively priced. It has Two Way Zipper With Storm Flap And 1 Upper Chest Button,1 Chest Pocket With Button Flap. Trouser With 2 Swing Pockets And 2 Patch Pockets At The Back, Elasticized WaistBand At Back With Fastening Metal Buckle For Safety And Comfort. SKU: YAT. Unit: Pcs.","in stock","new","30.00 AED","https://www.xpertonecreative.com/products/american-tag-35-65-coverall-yellow-color/","https://www.xpertonecreative.com/assets/img/products/clean-reference/uniforms/YAT.webp?v=20260916exact","Xpertone Creative","Workwear & Uniforms > Protective Coverall","Workwear & Uniforms","Protective Coverall","Pcs"
"PMY","American Tag, 35/65 Lab Coat, Beige Color","Workwear & Uniforms supplied by Xpertone Creative in Dubai and across the UAE. SKU: PMY. Unit: Pcs.","in stock","new","29.00 AED","https://www.xpertonecreative.com/products/american-tag-35-65-lab-coat-beige-color/","https://www.xpertonecreative.com/assets/img/products/clean-reference/uniforms/PMY.webp?v=20260916exact","Xpertone Creative","Workwear & Uniforms > Other","Workwear & Uniforms","Other","Pcs"
"OMW","American Tag, 35/65 Lab Coat, Navy Blue Color","Workwear & Uniforms supplied by Xpertone Creative in Dubai and across the UAE. SKU: OMW. Unit: Pcs.","in stock","new","29.00 AED","https://www.xpertonecreative.com/products/american-tag-35-65-lab-coat-navy-blue-color/","https://www.xpertonecreative.com/assets/img/products/clean-reference/uniforms/OMW.webp?v=20260916exact","Xpertone Creative","Workwear & Uniforms > Other","Workwear & Uniforms","Other","Pcs"
"FMT","American Tag, 35/65 Lab Coat, Petrol Blue Color","Workwear & Uniforms supplied by Xpertone Creative in Dubai and across the UAE. SKU: FMT. Unit: Pcs.","in stock","new","29.00 AED","https://www.xpertonecreative.com/products/american-tag-35-65-lab-coat-petrol-blue-color/","https://www.xpertonecreative.com/assets/img/products/clean-reference/uniforms/FMT.webp?v=20260916exact","Xpertone Creative","Workwear & Uniforms > Other","Workwear & Uniforms","Other","Pcs"
"VBC","Armstrong, 100% Twill Pant & Shirt, Beige Color","Workwear & Uniforms supplied by Xpertone Creative in Dubai and across the UAE. SKU: VBC. Unit: Pcs.","in stock","new","44.00 AED","https://www.xpertonecreative.com/products/armstrong-100-twill-pant-shirt-beige-color/","https://www.xpertonecreative.com/assets/img/products/clean-reference/uniforms/VBC.webp?v=20260916exact","Xpertone Creative","Workwear & Uniforms > Pant & Shirt 190 GSM","Workwear & Uniforms","Pant & Shirt 190 GSM","Pcs"
"APC","Armstrong, 100% Twill Pant & Shirt, Blue Color","This APC is clothing that has 100% Twill material Pant and Shirt is also very comfortable to wear and use manufactured by ARMSTRONG company. It has a jacket style shirt consisting of two chest pockets fitted with Velcro flap, 1 Mobile and 1 Pen pocket , 17.5mm Metal Button cuff fitted with snap Button. The Cargo style pants have two front cross pockets and two back pockets, Two cargo pockets with flap fitted with Velcro. It has an Elasticized Waistband and heavy duty zipper. All side and seams locked with 5 Threads, Fully double stitched with colorfast thread, Stressed point locked with Bartack system. SKU: APC. Unit: Pcs.","in stock","new","44.00 AED","https://www.xpertonecreative.com/products/armstrong-100-twill-pant-shirt-blue-color/","https://www.xpertonecreative.com/assets/img/products/clean-reference/uniforms/APC.webp?v=20260916exact","Xpertone Creative","Workwear & Uniforms > Protective Coverall","Workwear & Uniforms","Protective Coverall","Pcs"
"GLE","Armstrong, 100% Twill Pant & Shirt, Navy Blue Color","This is a two-piece coverall set with double stitching on the seams and sides with colorfast thread. There are a total of nine pockets in this two-piece set; two chest pockets fitted with Flap and Velcro, one mobile pen pocket, two front cross pockets, two back pockets, and two cargo pockets with flap fitted with velcro. The cuffs are fitted with a snap button and have stress points locked with the Bar Tack System. SKU: GLE. Unit: Pcs.","in stock","new","44.00 AED","https://www.xpertonecreative.com/products/armstrong-100-twill-pant-shirt-navy-blue-color/","https://www.xpertonecreative.com/assets/img/products/clean-reference/uniforms/GLE.webp?v=20260916exact","Xpertone Creative","Workwear & Uniforms > Protective Coverall","Workwear & Uniforms","Protective Coverall","Pcs"
"EMX","Armstrong, 100% Twill Pant & Shirt, Orange Color","Workwear & Uniforms supplied by Xpertone Creative in Dubai and across the UAE. SKU: EMX. Unit: Pcs.","in stock","new","44.00 AED","https://www.xpertonecreative.com/products/armstrong-100-twill-pant-shirt-orange-color/","https://myodfvshmusywmhdozwt.supabase.co/storage/v1/object/public/product-photos/EMX/1788868164744-two-piece-orange.png","Xpertone Creative","Workwear & Uniforms > Pant & Shirt","Workwear & Uniforms","Pant & Shirt","Pcs"
"OTP","Armstrong, 100% Twill Pant & Shirt, Red Color","Workwear & Uniforms supplied by Xpertone Creative in Dubai and across the UAE. SKU: OTP. Unit: Pcs.","in stock","new","44.00 AED","https://www.xpertonecreative.com/products/armstrong-100-twill-pant-shirt-red-color/","https://www.xpertonecreative.com/assets/img/products/clean-reference/uniforms/OTP.webp?v=20260916exact","Xpertone Creative","Workwear & Uniforms > Twil Pant & Shirtl","Workwear & Uniforms","Twil Pant & Shirtl","Pcs"
"MUA","Honeywell, Disposable Coverall Mutex Light +, 65 gsm, White Color, Part No: 4500501","Mutex Light + 4500501 Disposable Coverall is a type 5 & 6, Antistatic, Radioactive Particles and Biological Agents certified coverall with Elasticated Hood, Waist, Wrists & Ankles. Made of white Polypropylene Laminated with a Microporus Polyethylene Film. SKU: MUA. Unit: Pcs.","in stock","new","35.00 AED","https://www.xpertonecreative.com/products/honeywell-disposable-coverall-mutex-light-65-gsm-white-color-part-no-4500501/","https://www.xpertonecreative.com/assets/img/products/clean-reference/uniforms/MUA.webp?v=20260916exact","Xpertone Creative","Workwear & Uniforms > Disposable Coverall","Workwear & Uniforms","Disposable Coverall","Pcs"
"SGC","PVC Chemical Suit","100% TWILL PANT & SHIRT WITH REFLECTIVE from Vaultex comes with separate shirt and pants. The shirt features 2 chest pockets with buttons & flap & 2 lower swing pockets. It has reflective tapes on both sides. The pant features 2 swing pockets, 2 side pockets with velcro flap and 2 back pockets with flap & elasticized waist band at the back for improved comfort. SKU: SGC. Unit: Pcs.","in stock","new","61.00 AED","https://www.xpertonecreative.com/products/pvc-chemical-suit/","https://www.xpertonecreative.com/assets/img/products/clean-reference/uniforms/SGC.webp?v=20260916exact","Xpertone Creative","Workwear & Uniforms > Protective Coverall","Workwear & Uniforms","Protective Coverall","Pcs"
"AIF2","Salisbury by Honeywell, ARC Flash Protection Bib Overall, 40 Cal, Color Grey, Part No: ACB4030GYM","Arc Flash Protection Bib Overall (ACB4030GYM) from Honeywell is a product crafted in the USA. It is sewn with Nomex thread and integrated with heavy-duty suspenders. The overall has a relaxed cut for better mobility and a 30&rdquo; inseam. The wearer also gets an adjustable hook and pile waist strap and bib front for added protection. There are adjustable gussets on pants cuffs. SKU: AIF2. Unit: Pcs.","in stock","new","1027.00 AED","https://www.xpertonecreative.com/products/salisbury-by-honeywell-arc-flash-protection-bib-overall-40-cal-color-grey-part-no-acb4030gym/","https://www.xpertonecreative.com/assets/img/products/clean-reference/uniforms/AIF2.webp?v=20260916exact","Xpertone Creative","Workwear & Uniforms > Other","Workwear & Uniforms","Other","Pcs"
"TVU","TVU - Vaultex, 100% Cotton Coverall, 200 Gsm, Beige Color","TVU is a 100% Cotton COVERALL manufactured by Vaultex Protective clothing and Uniform making company. This Coverall is designed with Two Way Zipper With Storm Flap And 2 Chest Pockets, 1 Pen Pocket on Left Sleeve, Trouser with 2 Swing Pockets, 2 Patch Pockets At The Back & 1 Side Pocket on Right Leg, Elasticized Waist Band At Back For Improved Comfort Sanforized And Mercerized. SKU: TVU. Unit: Pcs.","in stock","new","50.00 AED","https://www.xpertonecreative.com/products/tvu-vaultex-100-cotton-coverall-200-gsm-beige-color/","https://www.xpertonecreative.com/assets/img/products/clean-reference/uniforms/TVU.webp?v=20260916exact","Xpertone Creative","Workwear & Uniforms > With Pocket","Workwear & Uniforms","With Pocket","Pcs"
"DRQ","Vaultex, 100% Cotton Classic Coverall with Reflective, 240 Gsm, Beige Color","Workwear & Uniforms supplied by Xpertone Creative in Dubai and across the UAE. SKU: DRQ. Unit: Pcs.","in stock","new","57.00 AED","https://www.xpertonecreative.com/products/vaultex-100-cotton-classic-coverall-with-reflective-240-gsm-beige-color/","https://www.xpertonecreative.com/assets/img/products/clean-reference/uniforms/DRQ.webp?v=20260916exact","Xpertone Creative","Workwear & Uniforms > Coverall 240 GSM","Workwear & Uniforms","Coverall 240 GSM","Pcs"
"BDK","Vaultex, 100% Cotton Classic Coverall with Reflective, 240 Gsm, Navy Blue Color","Workwear & Uniforms supplied by Xpertone Creative in Dubai and across the UAE. SKU: BDK. Unit: Pcs.","in stock","new","57.00 AED","https://www.xpertonecreative.com/products/vaultex-100-cotton-classic-coverall-with-reflective-240-gsm-navy-blue-color/","https://www.xpertonecreative.com/assets/img/products/clean-reference/uniforms/BDK.webp?v=20260916exact","Xpertone Creative","Workwear & Uniforms > Coverall 240 GSM","Workwear & Uniforms","Coverall 240 GSM","Pcs"
"EKU","Vaultex, 100% Cotton Classic Coverall with Reflective, 240 Gsm, Orange Color","Workwear & Uniforms supplied by Xpertone Creative in Dubai and across the UAE. SKU: EKU. Unit: Pcs.","in stock","new","57.00 AED","https://www.xpertonecreative.com/products/vaultex-100-cotton-classic-coverall-with-reflective-240-gsm-orange-color/","https://www.xpertonecreative.com/assets/img/products/clean-reference/uniforms/EKU.webp?v=20260916exact","Xpertone Creative","Workwear & Uniforms > Coverall 240 GSM","Workwear & Uniforms","Coverall 240 GSM","Pcs"
"ASO","Vaultex, 100% Cotton Classic Coverall with Reflective, 240 Gsm, Petrol Blue Color","Workwear & Uniforms supplied by Xpertone Creative in Dubai and across the UAE. SKU: ASO. Unit: Pcs.","in stock","new","57.00 AED","https://www.xpertonecreative.com/products/vaultex-100-cotton-classic-coverall-with-reflective-240-gsm-petrol-blue-color/","https://www.xpertonecreative.com/assets/img/products/clean-reference/uniforms/ASO.webp?v=20260916exact","Xpertone Creative","Workwear & Uniforms > Other","Workwear & Uniforms","Other","Pcs"
"FSO","Vaultex, 100% Cotton Classic Coverall with Reflective, 240 Gsm, Red Color","Workwear & Uniforms supplied by Xpertone Creative in Dubai and across the UAE. SKU: FSO. Unit: Pcs.","in stock","new","57.00 AED","https://www.xpertonecreative.com/products/vaultex-100-cotton-classic-coverall-with-reflective-240-gsm-red-color/","https://www.xpertonecreative.com/assets/img/products/clean-reference/uniforms/FSO.webp?v=20260916exact","Xpertone Creative","Workwear & Uniforms > Coverall 240 GSM","Workwear & Uniforms","Coverall 240 GSM","Pcs"
"CQA","Vaultex, 100% Cotton Classic Coverall with Reflective, 240 Gsm, Royal Blue Color","Workwear & Uniforms supplied by Xpertone Creative in Dubai and across the UAE. SKU: CQA. Unit: Pcs.","in stock","new","57.00 AED","https://www.xpertonecreative.com/products/vaultex-100-cotton-classic-coverall-with-reflective-240-gsm-royal-blue-color/","https://www.xpertonecreative.com/assets/img/products/clean-reference/uniforms/CQA.webp?v=20260916exact","Xpertone Creative","Workwear & Uniforms > Coverall 240 GSM","Workwear & Uniforms","Coverall 240 GSM","Pcs"
"ETD","Vaultex, 100% Cotton Coverall 240 Gsm, Beige Color","These coveralls come with double stitched seams and Heavy Duty Colorfast Thread. This article comes in a Beige color with sizes from S to 5XL. There are a total of Six pockets in this suit. Two swing pockets, two back pockets, one Pen pocket, and one tool pocket. There are highly reflective straps on each shoulder, sleeve, and leg. All stress points are reinforced with Bar Tack. SKU: ETD. Unit: Pcs.","in stock","new","55.00 AED","https://www.xpertonecreative.com/products/vaultex-100-cotton-coverall-240-gsm-beige-color/","https://www.xpertonecreative.com/assets/img/products/clean-reference/uniforms/ETD.webp?v=20260916exact","Xpertone Creative","Workwear & Uniforms > Protective Coverall","Workwear & Uniforms","Protective Coverall","Pcs"
"TPO","Vaultex, 100% Cotton Coverall 240 Gsm, Grey Color","Workwear & Uniforms supplied by Xpertone Creative in Dubai and across the UAE. SKU: TPO. Unit: Pcs.","in stock","new","55.00 AED","https://www.xpertonecreative.com/products/vaultex-100-cotton-coverall-240-gsm-grey-color/","https://www.xpertonecreative.com/assets/img/products/clean-reference/uniforms/TPO.webp?v=20260916exact","Xpertone Creative","Workwear & Uniforms > Other","Workwear & Uniforms","Other","Pcs"
"VED","Vaultex, 100% Cotton Coverall 240 Gsm, Navy Blue Color","100% Cotton Reflective Coverall &ndash; 240 GSM is double stitched for better durability. This product from the brand Vaultex offers 2 high-quality reflective shoulders, sleeves & legs. It also has an adjustable velcro strap cuff, 2-way heavy-duty zipper with metal snap and 3 chest pockets with velcro snap, 1 pen pocket on the left sleeve. All stress points are reinforced with bar tack. SKU: VED. Unit: Pcs.","in stock","new","55.00 AED","https://www.xpertonecreative.com/products/vaultex-100-cotton-coverall-240-gsm-navy-blue-color/","https://www.xpertonecreative.com/assets/img/products/clean-reference/uniforms/VED.webp?v=20260916exact","Xpertone Creative","Workwear & Uniforms > Protective Coverall","Workwear & Uniforms","Protective Coverall","Pcs"
"ADI","Vaultex, 100% Cotton Coverall 240 Gsm, Petrol Blue Color","ADI is a 100% Cotton Reflective COVERALL manufactured by Vaultex Protective clothing and Uniform making company. This Coverall is designed with adjustable sleeve edges with 2 Stripes on Shoulders, 2 Stripes on Legs and 2 Stripes on Sleeves, Adjustable Sleeve Edges with Velcro Straps, 2 Way Heavy Duty Zipper with Metal Snap, 3 Chest Pockets with Velcro Flap & 1 Pen Pocket On Left Arm, 2 Front Swing Pockets & 2 Back Pockets on Trouser with Button & Velcro, Tool Pocket, Elasticized WaistBand at Back, Double Stitched Seams with Heavy Duty Colourfast Thread & All Stress Points Reinforced with Bartack. SKU: ADI. Unit: Pcs.","in stock","new","55.00 AED","https://www.xpertonecreative.com/products/vaultex-100-cotton-coverall-240-gsm-petrol-blue-color/","https://myodfvshmusywmhdozwt.supabase.co/storage/v1/object/public/product-photos/EMX/1788868154186-coverall-navy.png","Xpertone Creative","Workwear & Uniforms > Protective Coverall","Workwear & Uniforms","Protective Coverall","Pcs"
"DIA","Vaultex, 100% Cotton Coverall 240 Gsm, Red Color","The DIA 100% Cotton Reflective Coverall is a durable and comfortable workwear made of high-quality cotton fabric. It features reflective stripes on the shoulders, sleeves, and legs, adjustable sleeve cuffs, and multiple pockets for storage. The coverall also has double-stitched seams and reinforced stress points for added durability. It is available in red color and sizes S to 5XL. SKU: DIA. Unit: Pcs.","in stock","new","55.00 AED","https://www.xpertonecreative.com/products/vaultex-100-cotton-coverall-240-gsm-red-color/","https://www.xpertonecreative.com/assets/img/products/clean-reference/uniforms/DIA.webp?v=20260916exact","Xpertone Creative","Workwear & Uniforms > Protective Coverall","Workwear & Uniforms","Protective Coverall","Pcs"
"SEV","Vaultex, 100% Cotton Coverall 240 Gsm, Royal Blue Color","Made in India, 100% Cotton Reflective Coverall &ndash; 240 GSM from Vaultex is sanforized & mercerized. All seams are reinforced with bar tack. Double-stitched seams with heavy-duty colourfast thread make the product more durable. The wearer gets elasticized waistband at the back. Choose from sizes Small to 5 XL and in royal blue colour. An adjustable velcro strap on the cuff makes it more comfortable. SKU: SEV. Unit: Pcs.","in stock","new","55.00 AED","https://www.xpertonecreative.com/products/vaultex-100-cotton-coverall-240-gsm-royal-blue-color/","https://www.xpertonecreative.com/assets/img/products/clean-reference/uniforms/SEV.webp?v=20260916exact","Xpertone Creative","Workwear & Uniforms > Protective Coverall","Workwear & Uniforms","Protective Coverall","Pcs"
"DTE","Vaultex, 100% Cotton Coverall with Reflective, 240 Gsm, Beige Color","Workwear & Uniforms supplied by Xpertone Creative in Dubai and across the UAE. SKU: DTE. Unit: Pcs.","in stock","new","55.00 AED","https://www.xpertonecreative.com/products/vaultex-100-cotton-coverall-with-reflective-240-gsm-beige-color/","https://www.xpertonecreative.com/assets/img/products/clean-reference/uniforms/DTE.webp?v=20260916exact","Xpertone Creative","Workwear & Uniforms > Cotton Coverall","Workwear & Uniforms","Cotton Coverall","Pcs"
"RGF","Vaultex, 100% Cotton Coverall with Reflective, 240 gsm, Orange Color","RGF is a 100% Cotton Reflective COVERALL manufactured by Vaultex Protective clothing and Uniform making company. This Coverall is designed with adjustable sleeve edges with 2 Stripes on Shoulders, 2 Stripes on Legs and 2 Stripes on Sleeves, Adjustable Sleeve Edges with Velcro Straps, 2 Way Heavy Duty Zipper with Metal Snap, 3 Chest Pockets with Velcro Flap & 1 Pen Pocket On Left Arm, 2 Front Swing Pockets & 2 Back Pockets on Trouser with Button & Velcro, Tool Pocket, Elasticized WaistBand at Back, Double Stitched Seams with Heavy Duty Colourfast Thread & All Stress Points Reinforced with Bartack. SKU: RGF. Unit: Pcs.","in stock","new","43.00 AED","https://www.xpertonecreative.com/products/vaultex-100-cotton-coverall-240-gsm-dark-orange-color/","https://www.xpertonecreative.com/assets/img/audit-mockups/RGF.jpg","Xpertone Creative","Workwear & Uniforms > Protective Coverall","Workwear & Uniforms","Protective Coverall","Pcs"
"IDA","Vaultex, 100% Cotton Coverall with Reflective, 240 Gsm, Petrol Blue Color","The IDA 100% Cotton Coverall with Reflective features a robust construction designed for durability and safety. It includes reflective strips on the shoulders, sleeves, and legs to enhance visibility in low-light conditions. The adjustable sleeve edges with Velcro straps provide a customized fit. The coverall boasts a 2-way heavy-duty zipper with metal snaps for secure closure. It offers ample storage with 3 chest pockets with Velcro flaps, a pen pocket on the left arm, 2 swing pockets, 2 back pockets with button and Velcro closures, and a tool pocket on the right leg. The elasticized waistband at the back ensures comfort and flexibility. Double-stitched seams with heavy-duty colorfast thread and reinforced stress points with bartack stitching add to its longevity. The garment is sanforized and mercerized, making it a reliable choice for various work environments. SKU: IDA. Unit: Pcs.","in stock","new","55.00 AED","https://www.xpertonecreative.com/products/vaultex-100-cotton-coverall-with-reflective-240-gsm-petrol-blue-color/","https://www.xpertonecreative.com/assets/img/products/clean-reference/uniforms/IDA.webp?v=20260916exact","Xpertone Creative","Workwear & Uniforms > Other","Workwear & Uniforms","Other","Pcs"
"YCI","Vaultex, 100% Cotton Coverall with Reflective, 240 Gsm, Yellow Color","Workwear & Uniforms supplied by Xpertone Creative in Dubai and across the UAE. SKU: YCI. Unit: Pcs.","in stock","new","55.00 AED","https://www.xpertonecreative.com/products/vaultex-100-cotton-coverall-with-reflective-240-gsm-yellow-color/","https://www.xpertonecreative.com/assets/img/products/clean-reference/uniforms/YCI.webp?v=20260916exact","Xpertone Creative","Workwear & Uniforms > Other","Workwear & Uniforms","Other","Pcs"
"UJG","Vaultex, 100% Cotton Coverall with Reflective, 270 Gsm, Beige Color","Workwear & Uniforms supplied by Xpertone Creative in Dubai and across the UAE. SKU: UJG. Unit: Pcs.","in stock","new","57.00 AED","https://www.xpertonecreative.com/products/vaultex-100-cotton-coverall-with-reflective-270-gsm-beige-color-1/","https://www.xpertonecreative.com/assets/img/products/clean-reference/uniforms/UJG.webp?v=20260916exact","Xpertone Creative","Workwear & Uniforms > Coverall","Workwear & Uniforms","Coverall","Pcs"
"GJU","Vaultex, 100% Cotton Coverall with Reflective, 270 Gsm, Beige Color","Workwear & Uniforms supplied by Xpertone Creative in Dubai and across the UAE. SKU: GJU. Unit: Pcs.","in stock","new","57.00 AED","https://www.xpertonecreative.com/products/vaultex-100-cotton-coverall-with-reflective-270-gsm-beige-color/","https://www.xpertonecreative.com/assets/img/products/clean-reference/uniforms/GJU.webp?v=20260916exact","Xpertone Creative","Workwear & Uniforms > Protective Coverall","Workwear & Uniforms","Protective Coverall","Pcs"
"YOU","Vaultex, 100% Cotton Coverall with Reflective, 270 Gsm, Grey Color","Workwear & Uniforms supplied by Xpertone Creative in Dubai and across the UAE. SKU: YOU. Unit: Pcs.","in stock","new","57.00 AED","https://www.xpertonecreative.com/products/vaultex-100-cotton-coverall-with-reflective-270-gsm-grey-color/","https://www.xpertonecreative.com/assets/img/products/clean-reference/uniforms/YOU.webp?v=20260916exact","Xpertone Creative","Workwear & Uniforms > Other","Workwear & Uniforms","Other","Pcs"
"KIS","Vaultex, 100% Cotton Coverall with Reflective, 270 Gsm, Navy Blue Color","Workwear & Uniforms supplied by Xpertone Creative in Dubai and across the UAE. SKU: KIS. Unit: Pcs.","in stock","new","57.00 AED","https://www.xpertonecreative.com/products/vaultex-100-cotton-coverall-with-reflective-270-gsm-navy-blue-color/","https://www.xpertonecreative.com/assets/img/products/clean-reference/uniforms/KIS.webp?v=20260916exact","Xpertone Creative","Workwear & Uniforms > Other","Workwear & Uniforms","Other","Pcs"
"FOH","Vaultex, 100% Cotton Coverall with Reflective, 270 Gsm, Orange Color","Workwear & Uniforms supplied by Xpertone Creative in Dubai and across the UAE. SKU: FOH. Unit: Pcs.","in stock","new","57.00 AED","https://www.xpertonecreative.com/products/vaultex-100-cotton-coverall-with-reflective-270-gsm-orange-color/","https://myodfvshmusywmhdozwt.supabase.co/storage/v1/object/public/product-photos/FOH/1789030769101-FOH.png","Xpertone Creative","Workwear & Uniforms > Protective Coverall","Workwear & Uniforms","Protective Coverall","Pcs"
"ARC","Vaultex, 100% Cotton Coverall with Reflective, 270 Gsm, Red Color","Workwear & Uniforms supplied by Xpertone Creative in Dubai and across the UAE. SKU: ARC. Unit: Pcs.","in stock","new","57.00 AED","https://www.xpertonecreative.com/products/vaultex-100-cotton-coverall-with-reflective-270-gsm-rad-color/","https://myodfvshmusywmhdozwt.supabase.co/storage/v1/object/public/product-photos/ARC/1789030794693-ARC.png","Xpertone Creative","Workwear & Uniforms > Other","Workwear & Uniforms","Other","Pcs"
"HUB","Vaultex, 100% Cotton Coverall with Reflective, 270 Gsm, Royal Blue Color","Workwear & Uniforms supplied by Xpertone Creative in Dubai and across the UAE. SKU: HUB. Unit: Pcs.","in stock","new","57.00 AED","https://www.xpertonecreative.com/products/vaultex-100-cotton-coverall-with-reflective-270-gsm-royal-blue-color/","https://www.xpertonecreative.com/assets/img/products/clean-reference/uniforms/HUB.webp?v=20260916exact","Xpertone Creative","Workwear & Uniforms > Coverall without Reflective","Workwear & Uniforms","Coverall without Reflective","Pcs"
"LSG","Vaultex, 100% Cotton Coverall with Reflective, 290 Gsm, Navy Blue Color","This is a 100% Cotton Coverall with Reflective detailing, weighing 290 GSM. It is made in India and features reflective detailing on each shoulder, sleeve, and leg. The coverall has an adjustable sleeve cuff with Velcro straps, a 2-way heavy-duty zipper with a metal snap, and multiple pockets, including 3 chest pockets with Velcro flaps, 2 swing and 2 back pockets on the trousers with button and Velcro, and a tool pocket on the right leg. SKU: LSG. Unit: Pcs.","in stock","new","59.00 AED","https://www.xpertonecreative.com/products/vaultex-100-cotton-coverall-with-reflective-290-gsm-navy-blue-color/","https://www.xpertonecreative.com/assets/img/products/clean-reference/uniforms/LSG.webp?v=20260916exact","Xpertone Creative","Workwear & Uniforms > Protective Coverall","Workwear & Uniforms","Protective Coverall","Pcs"
"ADN","Vaultex, 100% Cotton Coverall with Reflective, 290 Gsm, Orange Color","This is a 100% Cotton Coverall with Reflective detailing, weighing 290 GSM. It is designed and made in India and features reflective material on each shoulder, sleeve, and leg. The coverall has an adjustable sleeve cuff with Velcro straps, a 2-way heavy-duty zipper with metal snap, and multiple pockets including 3 chest pockets with Velcro flaps, 2 swing and 2 back pockets on the trousers with button and Velcro, and a tool pocket on the right leg. SKU: ADN. Unit: Pcs.","in stock","new","59.00 AED","https://www.xpertonecreative.com/products/vaultex-100-cotton-coverall-with-reflective-290-gsm-orange-color/","https://myodfvshmusywmhdozwt.supabase.co/storage/v1/object/public/product-photos/ADN/1789030799386-ADN.png","Xpertone Creative","Workwear & Uniforms > Protective Coverall","Workwear & Uniforms","Protective Coverall","Pcs"
"ALE","Vaultex, 100% Cotton Coverall with Reflective, 290 Gsm, Royal Blue Color","This 100% cotton coverall with reflection is made in India and weighs 290 GSM. It features reflective strips on each shoulder, sleeve, and leg, adjustable sleeve cuffs with Velcro straps, and a 2-way heavy-duty zipper with metal snap. The coverall also has multiple pockets, elasticized waistband at the back, and double-stitched seams with heavy-duty colorfast thread. SKU: ALE. Unit: Pcs.","in stock","new","59.00 AED","https://www.xpertonecreative.com/products/vaultex-100-cotton-coverall-with-reflective-290-gsm-royal-blue-color/","https://www.xpertonecreative.com/assets/img/products/clean-reference/uniforms/ALE.webp?v=20260916exact","Xpertone Creative","Workwear & Uniforms > Protective Coverall","Workwear & Uniforms","Protective Coverall","Pcs"
"TOP","Vaultex, 100% Cotton Coverall with Reflective, Grey Color","100% Cotton Coverall With Reflective &ndash; 260 GSM comes with 2 reflective on shoulder, sleeves & legs with adjustable sleeve edges with Velcro straps. The product is equipped with 2-way heavy-duty zippers with metal snap, 2 chest pockets with Velcro flap & 1 pen pocket on the left arm. You get an extra trouser pocket at the right lower & elasticized waistband at the back. SKU: TOP. Unit: Pcs.","in stock","new","48.00 AED","https://www.xpertonecreative.com/products/vaultex-100-cotton-coverall-with-reflective-grey-color/","https://www.xpertonecreative.com/assets/img/products/clean-reference/uniforms/TOP.webp?v=20260916exact","Xpertone Creative","Workwear & Uniforms > Protective Coverall","Workwear & Uniforms","Protective Coverall","Pcs"
"VON","Vaultex, 100% Cotton Coverall with Reflective, Navy Blue Color","VON is a 100% Cotton Reflective COVERALL manufactured by Vaultex Protective clothing and Uniform making company. This Coverall is designed with adjustable sleeve edges with 2 Stripes on Shoulders, 2 Stripes on Legs and 2 Stripes on Sleeves, Adjustable Sleeve Edges with Velcro Straps, 2 Way Heavy Duty Zipper with Metal Snap, 3 Chest Pockets with Velcro Flap & 1 Pen Pocket On Left Arm, 2 Front Swing Pockets & 2 Back Pockets on Trouser with Button & Velcro, Tool Pocket, Elasticized WaistBand at Back, Double Stitched Seams with Heavy Duty Colourfast Thread & All Stress Points Reinforced with Bartack. SKU: VON. Unit: Pcs.","in stock","new","48.00 AED","https://www.xpertonecreative.com/products/vaultex-100-cotton-coverall-with-reflective-navy-blue-color/","https://myodfvshmusywmhdozwt.supabase.co/storage/v1/object/public/product-photos/VON/1789030805188-VON.png","Xpertone Creative","Workwear & Uniforms > Protective Coverall","Workwear & Uniforms","Protective Coverall","Pcs"
"VOR","Vaultex, 100% Cotton Coverall with Reflective, Orange Color","VOR is a 100% Cotton Reflective COVERALL manufactured by Vaultex Protective clothing and Uniform making company. This Coverall is designed with adjustable sleeve edges with 2 Stripes on Shoulders, 2 Stripes on Legs and 2 Stripes on Sleeves, Adjustable Sleeve Edges with Velcro Straps, 2 Way Heavy Duty Zipper with Metal Snap, 3 Chest Pockets with Velcro Flap & 1 Pen Pocket On Left Arm, 2 Front Swing Pockets & 2 Back Pockets on Trouser with Button & Velcro, Tool Pocket, Elasticized WaistBand at Back, Double Stitched Seams with Heavy Duty Colourfast Thread & All Stress Points Reinforced with Bartack. SKU: VOR. Unit: Pcs.","in stock","new","56.00 AED","https://www.xpertonecreative.com/products/vaultex-100-cotton-coverall-with-reflective-orange-color/","https://www.xpertonecreative.com/assets/img/products/clean-reference/uniforms/VOR.webp?v=20260916exact","Xpertone Creative","Workwear & Uniforms > Protective Coverall","Workwear & Uniforms","Protective Coverall","Pcs"
"RCD","Vaultex, 100% Cotton Coverall with Reflective, Red Color","RCD is a 100% Cotton Reflective COVERALL manufactured by Vaultex a Protective clothing and Uniform making company. This Coverall is designed with adjustable sleeve edges with 2 Stripes on Shoulders , 2 Stripes on Legs and 2 Stripes on Sleeves, Adjustable Sleeve Edges with Velcro Straps, 2 Way Heavy Duty Zipper with Metal Snap, 3 Chest Pockets with Velcro Flap & 1 Pen Pocket On Left Arm, 2 Front Swing Pockets & 2 Back Pockets on Trouser with Button & Velcro, Tool Pocket, Elasticized WaistBand at Back, Double Stitched Seams with Heavy Duty Colourfast Thread & All Stress Points Reinforced with Bartack. SKU: RCD. Unit: Pcs.","in stock","new","56.00 AED","https://www.xpertonecreative.com/products/vaultex-100-cotton-coverall-with-reflective-red-color/","https://www.xpertonecreative.com/assets/img/products/clean-reference/uniforms/RCD.webp?v=20260916exact","Xpertone Creative","Workwear & Uniforms > Protective Coverall","Workwear & Uniforms","Protective Coverall","Pcs"
"VRB","Vaultex, 100% Cotton Coverall with Reflective, Royal Blue Color","VRB is a 100% Cotton Reflective COVERALL manufactured by Vaultex Protective clothing and Uniform making company. This Coverall is designed with adjustable sleeve edges with 2 Stripes on Shoulders, 2 Stripes on Legs and 2 Stripes on Sleeves, Adjustable Sleeve Edges with Velcro Straps, 2 Way Heavy Duty Zipper with Metal Snap, 3 Chest Pockets with Velcro Flap & 1 Pen Pocket On Left Arm, 2 Front Swing Pockets & 2 Back Pockets on Trouser with Button & Velcro, Tool Pocket, Elasticized WaistBand at Back, Double Stitched Seams with Heavy Duty Colourfast Thread & All Stress Points Reinforced with Bartack. SKU: VRB. Unit: Pcs.","in stock","new","48.00 AED","https://www.xpertonecreative.com/products/vaultex-100-cotton-coverall-with-reflective-royal-blue-color/","https://www.xpertonecreative.com/assets/img/products/clean-reference/uniforms/VRB.webp?v=20260916exact","Xpertone Creative","Workwear & Uniforms > Protective Coverall","Workwear & Uniforms","Protective Coverall","Pcs"
"FBI","Vaultex, 100% Cotton Coverall, 200 Gsm, Grey Color","FBI is a 100% Cotton COVERALL manufactured by Vaultex Protective clothing and Uniform making company. This Coverall is designed with Two Way Zipper With Storm Flap And 2 Chest Pockets, 1 Pen Pocket on Left Sleeve, Trouser with 2 Swing Pockets, 2 Patch Pockets At The Back & 1 Side Pocket on the Right Leg, Elasticized Waist Band At Back For Improved Comfort Sanforized And Mercerized. SKU: FBI. Unit: Pcs.","in stock","new","48.00 AED","https://www.xpertonecreative.com/products/vaultex-100-cotton-coverall-200-gsm-grey-color/","https://myodfvshmusywmhdozwt.supabase.co/storage/v1/object/public/product-photos/FBI/1789030810556-FBI.png","Xpertone Creative","Workwear & Uniforms > Protective Coverall","Workwear & Uniforms","Protective Coverall","Pcs"
"HEV","Vaultex, 100% Cotton Coverall, 200 Gsm, Navy Blue Color","HEV is a 100% Cotton COVERALL manufactured by Vaultex Protective clothing and Uniform making company. This Coverall is designed with Two Way Zipper With Storm Flap And 2 Chest Pockets, 1 Pen Pocket on Left Sleeve, Trouser with 2 Swing Pockets, 2 Patch Pockets At The Back & 1 Side Pocket on the Right Leg, Elasticized Waist Band At Back For Improved Comfort Sanforized And Mercerized. SKU: HEV. Unit: Pcs.","in stock","new","50.00 AED","https://www.xpertonecreative.com/products/vaultex-100-cotton-coverall-200-gsm-navy-blue-color/","https://myodfvshmusywmhdozwt.supabase.co/storage/v1/object/public/product-photos/HEV/1789030816192-HEV.png","Xpertone Creative","Workwear & Uniforms > Protective Coverall","Workwear & Uniforms","Protective Coverall","Pcs"
"NDJ","Vaultex, 100% Cotton Coverall, 200 gsm, Petrol Blue Color","NDJ is a 100% Cotton COVERALL manufactured by Vaultex Protective clothing and Uniform making company. This Coverall is designed with Two Way Zipper With Storm Flap And 2 Chest Pockets, 1 Pen Pocket on Left Sleeve, Trouser with 2 Swing Pockets, 2 Patch Pockets At The Back & 1 Side Pocket on the Right Leg, Elasticized Waist Band At Back For Improved Comfort Sanforized And Mercerized SKU: NDJ. Unit: Pcs.","in stock","new","45.00 AED","https://www.xpertonecreative.com/products/vaultex-100-cotton-coverall-200-gsm-petrol-blue-color/","https://myodfvshmusywmhdozwt.supabase.co/storage/v1/object/public/product-photos/NDJ/1789030821275-NDJ.png","Xpertone Creative","Workwear & Uniforms > Protective Coverall","Workwear & Uniforms","Protective Coverall","Pcs"
"JDN","Vaultex, 100% Cotton Coverall, 200 gsm, Petrol Blue Color","The JDN 100% Cotton Coverall from India is designed for comfort and utility. It features a 2-way zipper with metal snap closure for easy wear and removal. The coverall includes 2 chest pockets with flaps and metal snaps, along with a convenient pen pocket on the left sleeve. The trouser section has 2 swing pockets, 2 back pockets, and an additional tool pocket on the right leg. The elasticized waistband at the back ensures a secure fit, and the garment is sanforized and mercerized for added durability. Perfect for various work environments where functionality and comfort are essential. SKU: JDN. Unit: Pcs.","in stock","new","50.00 AED","https://www.xpertonecreative.com/products/vaultex-100-cotton-coverall-200-gsm-petrol-blue-color-1/","https://myodfvshmusywmhdozwt.supabase.co/storage/v1/object/public/product-photos/JDN/1789030827803-JDN.png","Xpertone Creative","Workwear & Uniforms > With Pocket","Workwear & Uniforms","With Pocket","Pcs"
"LAO","Vaultex, 100% Cotton Coverall, 200 gsm, Red Color","Workwear & Uniforms supplied by Xpertone Creative in Dubai and across the UAE. SKU: LAO. Unit: Pcs.","in stock","new","50.00 AED","https://www.xpertonecreative.com/products/vaultex-100-cotton-coverall-200-gsm-red-color/","https://myodfvshmusywmhdozwt.supabase.co/storage/v1/object/public/product-photos/LAO/1789030832728-LAO.png","Xpertone Creative","Workwear & Uniforms > Other","Workwear & Uniforms","Other","Pcs"
"NOL","Vaultex, 100% Cotton Coverall, 240 Gsm, Light Orange Color","NOL is a 100% Cotton Reflective COVERALL manufactured by Vaultex Protective clothing and Uniform making company. This Coverall is designed with adjustable sleeve edges with 2 Stripes on Shoulders, 2 Stripes on Legs and 2 Stripes on Sleeves, Adjustable Sleeve Edges with Velcro Straps, 2 Way Heavy Duty Zipper with Metal Snap, 3 Chest Pockets with Velcro Flap & 1 Pen Pocket On Left Arm, 2 Front Swing Pockets & 2 Back Pockets on Trouser with Button & Velcro, Tool Pocket, Elasticized WaistBand at Back, Double Stitched Seams with Heavy Duty Colourfast Thread & All Stress Points Reinforced with Bartack. SKU: NOL. Unit: Pcs.","in stock","new","55.00 AED","https://www.xpertonecreative.com/products/vaultex-100-cotton-coverall-240-gsm-light-orange-color/","https://myodfvshmusywmhdozwt.supabase.co/storage/v1/object/public/product-photos/NOL/1789030837451-NOL.png","Xpertone Creative","Workwear & Uniforms > Protective Coverall","Workwear & Uniforms","Protective Coverall","Pcs"
"ONC","Vaultex, 100% Cotton Coverall, 240 Gsm, Orange/Navy Blue Color","Workwear & Uniforms supplied by Xpertone Creative in Dubai and across the UAE. SKU: ONC. Unit: Pcs.","in stock","new","53.00 AED","https://www.xpertonecreative.com/products/vaultex-100-cotton-coverall-240-gsm-orange-navy-blue-color/","https://myodfvshmusywmhdozwt.supabase.co/storage/v1/object/public/product-photos/ONC/1789030842452-ONC.png","Xpertone Creative","Workwear & Uniforms > With Zipper","Workwear & Uniforms","With Zipper","Pcs"
"JVC","Vaultex, 100% Cotton Modern Coverall with Reflective, 240 Gsm, Beige Color","Workwear & Uniforms supplied by Xpertone Creative in Dubai and across the UAE. SKU: JVC. Unit: Pcs.","in stock","new","67.00 AED","https://www.xpertonecreative.com/products/vaultex-100-cotton-modern-coverall-with-reflective-240-gsm-beige-color/","https://myodfvshmusywmhdozwt.supabase.co/storage/v1/object/public/product-photos/JVC/1789030862990-JVC.png","Xpertone Creative","Workwear & Uniforms > Coverall 240 GSM","Workwear & Uniforms","Coverall 240 GSM","Pcs"
"HAQ","Vaultex, 100% Cotton Modern Coverall with Reflective, 240 Gsm, Navy Blue Color","Workwear & Uniforms supplied by Xpertone Creative in Dubai and across the UAE. SKU: HAQ. Unit: Pcs.","in stock","new","67.00 AED","https://www.xpertonecreative.com/products/vaultex-100-cotton-modern-coverall-with-reflective-240-gsm-navy-blue-color/","https://www.xpertonecreative.com/assets/img/products/clean-reference/uniforms/HAQ.webp?v=20260916exact","Xpertone Creative","Workwear & Uniforms > Coverall","Workwear & Uniforms","Coverall","Pcs"
"KPA","Vaultex, 100% Cotton Modern Coverall with Reflective, 240 Gsm, Orange Color","Workwear & Uniforms supplied by Xpertone Creative in Dubai and across the UAE. SKU: KPA. Unit: Pcs.","in stock","new","67.00 AED","https://www.xpertonecreative.com/products/vaultex-100-cotton-modern-coverall-with-reflective-240-gsm-orange-color/","https://myodfvshmusywmhdozwt.supabase.co/storage/v1/object/public/product-photos/KPA/1789030868556-KPA.png","Xpertone Creative","Workwear & Uniforms > Coverall","Workwear & Uniforms","Coverall","Pcs"
"GKL","Vaultex, 100% Cotton Modern Coverall with Reflective, 240 Gsm, Petrol Blue Color","Workwear & Uniforms supplied by Xpertone Creative in Dubai and across the UAE. SKU: GKL. Unit: Pcs.","in stock","new","67.00 AED","https://www.xpertonecreative.com/products/vaultex-100-cotton-modern-coverall-with-reflective-240-gsm-petrol-blue-color/","https://www.xpertonecreative.com/assets/img/products/clean-reference/uniforms/GKL.webp?v=20260916exact","Xpertone Creative","Workwear & Uniforms > Coverall 240 GSM","Workwear & Uniforms","Coverall 240 GSM","Pcs"
"LCV","Vaultex, 100% Cotton Modern Coverall with Reflective, 240 Gsm, Red Color","Workwear & Uniforms supplied by Xpertone Creative in Dubai and across the UAE. SKU: LCV. Unit: Pcs.","in stock","new","67.00 AED","https://www.xpertonecreative.com/products/vaultex-100-cotton-modern-coverall-with-reflective-240-gsm-red-color/","https://myodfvshmusywmhdozwt.supabase.co/storage/v1/object/public/product-photos/LCV/1789030873081-LCV.png","Xpertone Creative","Workwear & Uniforms > Coverall 240 GSM","Workwear & Uniforms","Coverall 240 GSM","Pcs"
"INM","Vaultex, 100% Cotton Modern Coverall with Reflective, 240 Gsm, Royal Blue Color","Workwear & Uniforms supplied by Xpertone Creative in Dubai and across the UAE. SKU: INM. Unit: Pcs.","in stock","new","67.00 AED","https://www.xpertonecreative.com/products/vaultex-100-cotton-modern-coverall-with-reflective-240-gsm-royal-blue-color/","https://myodfvshmusywmhdozwt.supabase.co/storage/v1/object/public/product-photos/INM/1789030921256-INM.png","Xpertone Creative","Workwear & Uniforms > Coverall 240 GSM","Workwear & Uniforms","Coverall 240 GSM","Pcs"
"QMP","Vaultex, 100% Cotton Pant & Shirt with Reflective, 200 Gsm, Beige Color","Workwear & Uniforms supplied by Xpertone Creative in Dubai and across the UAE. SKU: QMP. Unit: Set.","in stock","new","55.00 AED","https://www.xpertonecreative.com/products/vaultex-100-cotton-pant-shirt-with-reflective-200-gsm-beige-color-1/","https://www.xpertonecreative.com/assets/img/products/clean-reference/uniforms/QMP.webp?v=20260916exact","Xpertone Creative","Workwear & Uniforms > With Pocket","Workwear & Uniforms","With Pocket","Set"
"DQV","Vaultex, 100% Cotton Pant & Shirt with Reflective, 200 Gsm, Grey Color","Workwear & Uniforms supplied by Xpertone Creative in Dubai and across the UAE. SKU: DQV. Unit: Set.","in stock","new","55.00 AED","https://www.xpertonecreative.com/products/vaultex-100-cotton-pant-shirt-with-reflective-200-gsm-grey-color/","https://www.xpertonecreative.com/assets/img/products/clean-reference/uniforms/DQV.webp?v=20260916exact","Xpertone Creative","Workwear & Uniforms > With Pocket","Workwear & Uniforms","With Pocket","Set"
"MQF","Vaultex, 100% Cotton Pant & Shirt with Reflective, 200 Gsm, Navy Blue Color","Workwear & Uniforms supplied by Xpertone Creative in Dubai and across the UAE. SKU: MQF. Unit: Set.","in stock","new","55.00 AED","https://www.xpertonecreative.com/products/vaultex-100-cotton-pant-shirt-with-reflective-200-gsm-navy-blue-color-1/","https://www.xpertonecreative.com/assets/img/products/clean-reference/uniforms/MQF.webp?v=20260916exact","Xpertone Creative","Workwear & Uniforms > With Pocket","Workwear & Uniforms","With Pocket","Set"
"HTS","Vaultex, 100% Cotton Pant & Shirt with Reflective, 200 Gsm, Petrol Blue Color","Workwear & Uniforms supplied by Xpertone Creative in Dubai and across the UAE. SKU: HTS. Unit: Set.","in stock","new","55.00 AED","https://www.xpertonecreative.com/products/vaultex-100-cotton-pant-shirt-with-reflective-200-gsm-petrol-blue-color/","https://www.xpertonecreative.com/assets/img/products/clean-reference/uniforms/HTS.webp?v=20260916exact","Xpertone Creative","Workwear & Uniforms > With Pocket","Workwear & Uniforms","With Pocket","Set"
"MIN","Vaultex, 100% Cotton Pant & Shirt, 200 gsm, Petrol Blue Color","100% Cotton Pant & Shirt &ndash; 200 GSM from the brand Vaultex features 2 chest pockets on the shirt and 2 swing & back pockets on the trouser. It comes with elasticized waistband with belt loops. The product has been sanforized and mercerized. You can choose it from sizes small to 5XL and in petrol blue colour. The order comes in 20 sets per carton. SKU: MIN. Unit: Set.","in stock","new","52.00 AED","https://www.xpertonecreative.com/products/vaultex-100-cotton-pant-shirt-200-gsm-petrol-blue-color/","https://www.xpertonecreative.com/assets/img/products/clean-reference/uniforms/MIN.webp?v=20260916exact","Xpertone Creative","Workwear & Uniforms > Protective Coverall","Workwear & Uniforms","Protective Coverall","Set"
"FPT","Vaultex, 100% Cotton Pant Shirt with Reflective European Style, 260 gsm, Navy Blue Color","Made by Vaultex, FPT is a European style clothing that has 100% cotton and is also very comfortable to wear and use for protection. It consists of two chest pockets with zip closure, two lower swing pockets with velcro flap, Reflective tapes on both sleeves and shoulders. The pants have two side pockets with velcro and two back pockets with Velcro. The pants also have reflective tapes on both legs. It has Elasticized Waistband at the back for improved comfort, Sanforized, mercerized & Pre-Shrunk all stress points reinforced with bartack, stitched seams with colourfast thread. SKU: FPT. Unit: Pcs.","in stock","new","66.00 AED","https://www.xpertonecreative.com/products/vaultex-100-cotton-pant-shirt-with-reflective-european-style-260-gsm-navy-blue-color/","https://www.xpertonecreative.com/assets/img/products/clean-reference/uniforms/FPT.webp?v=20260916exact","Xpertone Creative","Workwear & Uniforms > Protective Coverall","Workwear & Uniforms","Protective Coverall","Pcs"
"DNV","Vaultex, 100% Cotton Pant Shirt with Reflective, 270 gsm, Dark Navy Blue Color","Workwear & Uniforms supplied by Xpertone Creative in Dubai and across the UAE. SKU: DNV. Unit: Set.","in stock","new","68.00 AED","https://www.xpertonecreative.com/products/vaultex-100-cotton-pant-shirt-with-reflective-270-gsm-dark-navy-blue-color/","https://www.xpertonecreative.com/assets/img/products/clean-reference/uniforms/DNV.webp?v=20260916exact","Xpertone Creative","Workwear & Uniforms > Pant & Shirt","Workwear & Uniforms","Pant & Shirt","Set"
"VIA","Vaultex, 100% Cotton Pant Shirt with Reflective, 270 gsm, Grey Color","Workwear & Uniforms supplied by Xpertone Creative in Dubai and across the UAE. SKU: VIA. Unit: Set.","in stock","new","68.00 AED","https://www.xpertonecreative.com/products/vaultex-100-cotton-pant-shirt-with-reflective-270-gsm-grey-color/","https://www.xpertonecreative.com/assets/img/products/clean-reference/uniforms/VIA.webp?v=20260916exact","Xpertone Creative","Workwear & Uniforms > Pant & Shirt","Workwear & Uniforms","Pant & Shirt","Set"
"TSK","Vaultex, 100% Cotton Pant Shirt with Reflective, 270 gsm, Khaki Color","Workwear & Uniforms supplied by Xpertone Creative in Dubai and across the UAE. SKU: TSK. Unit: Set.","in stock","new","68.00 AED","https://www.xpertonecreative.com/products/vaultex-100-cotton-pant-shirt-with-reflective-270-gsm-khaki-color/","https://myodfvshmusywmhdozwt.supabase.co/storage/v1/object/public/product-photos/TSK/1789030925595-TSK.png","Xpertone Creative","Workwear & Uniforms > Pant & Shirt","Workwear & Uniforms","Pant & Shirt","Set"
"VOX","Vaultex, 100% Cotton Pant Shirt with Reflective, 270 gsm, Navy Blue Color","Workwear & Uniforms supplied by Xpertone Creative in Dubai and across the UAE. SKU: VOX. Unit: Set.","in stock","new","68.00 AED","https://www.xpertonecreative.com/products/vaultex-100-cotton-pant-shirt-with-reflective-270-gsm-navy-blue-color/","https://www.xpertonecreative.com/assets/img/products/clean-reference/uniforms/VOX.webp?v=20260916exact","Xpertone Creative","Workwear & Uniforms > With Pocket","Workwear & Uniforms","With Pocket","Set"
"TUP","Vaultex, 100% Cotton Pant Shirt with Reflective, 270 gsm, Petrol Blue Color","Workwear & Uniforms supplied by Xpertone Creative in Dubai and across the UAE. SKU: TUP. Unit: Set.","in stock","new","68.00 AED","https://www.xpertonecreative.com/products/vaultex-100-cotton-pant-shirt-with-reflective-270-gsm-petrol-blue-color/","https://www.xpertonecreative.com/assets/img/products/clean-reference/uniforms/TUP.webp?v=20260916exact","Xpertone Creative","Workwear & Uniforms > Cotton Pant & Shirt","Workwear & Uniforms","Cotton Pant & Shirt","Set"
"YOW","Vaultex, 100% Cotton Pant Shirt with Reflective, 270 gsm, Yellow Color","Workwear & Uniforms supplied by Xpertone Creative in Dubai and across the UAE. SKU: YOW. Unit: Set.","in stock","new","66.00 AED","https://www.xpertonecreative.com/products/vaultex-100-cotton-pant-shirt-with-reflective-270-gsm-yellow-color/","https://myodfvshmusywmhdozwt.supabase.co/storage/v1/object/public/product-photos/YOW/1789030930279-YOW.png","Xpertone Creative","Workwear & Uniforms > Pant & Shirt with Reflective","Workwear & Uniforms","Pant & Shirt with Reflective","Set"
"SIM","Vaultex, 100% Cotton Winter Jacket With Hood, 240 Gsm, Dark Navy Color","Workwear & Uniforms supplied by Xpertone Creative in Dubai and across the UAE. SKU: SIM. Unit: Pcs.","in stock","new","74.00 AED","https://www.xpertonecreative.com/products/vaultex-100-cotton-winter-jacket-with-hood-240-gsm-dark-navy-color/","https://www.xpertonecreative.com/assets/img/products/clean-reference/uniforms/SIM.webp?v=20260916exact","Xpertone Creative","Workwear & Uniforms > With Pocket","Workwear & Uniforms","With Pocket","Pcs"
"ATL","Vaultex, 100% Cotton Winter Jacket With Hood, 240 Gsm, Red Color","Workwear & Uniforms supplied by Xpertone Creative in Dubai and across the UAE. SKU: ATL. Unit: Pcs.","in stock","new","74.00 AED","https://www.xpertonecreative.com/products/vaultex-100-cotton-winter-jacket-with-hood-240-gsm-red-color/","https://www.xpertonecreative.com/assets/img/products/clean-reference/uniforms/ATL.webp?v=20260916exact","Xpertone Creative","Workwear & Uniforms > With Pocket","Workwear & Uniforms","With Pocket","Pcs"
"IDU","Vaultex, 100% Cotton Winter Jacket With Hood, 240 Gsm, Royal Blue Color","Workwear & Uniforms supplied by Xpertone Creative in Dubai and across the UAE. SKU: IDU. Unit: Pcs.","in stock","new","74.00 AED","https://www.xpertonecreative.com/products/vaultex-100-cotton-winter-jacket-with-hood-240-gsm-royal-blue-color/","https://www.xpertonecreative.com/assets/img/products/clean-reference/uniforms/IDU.webp?v=20260916exact","Xpertone Creative","Workwear & Uniforms > With Pocket","Workwear & Uniforms","With Pocket","Pcs"
"PIA","Vaultex, 100% Twill Coverall with Reflective, 190 Gsm, Navy Blue Color","The PIA coverall is a 100% twill reflective coverall made in China. It features reflective strips on the shoulders, sleeves, and legs, several pockets, and a two-way zipper closure with a metal snap button and Velcro. The elasticated waistband with a belt and reinforced bar-tack stress points makes it a durable and comfortable option. It is made from Sanforized, Mercerized & Shrink Resistant Twill Fabric in navy blue and comes in sizes S to 5XL. SKU: PIA. Unit: Pcs.","in stock","new","41.00 AED","https://www.xpertonecreative.com/products/vaultex-100-twill-coverall-with-reflective-190-gsm-navy-blue-color/","https://www.xpertonecreative.com/assets/img/products/clean-reference/uniforms/PIA.webp?v=20260916exact","Xpertone Creative","Workwear & Uniforms > Protective Coverall","Workwear & Uniforms","Protective Coverall","Pcs"
"COM","Vaultex, 100% Twill Coverall with Reflective, 190 Gsm, Orange Color","With 100% Twill Coverall With Reflective &ndash; 190 GSM from Vaultex, you get 2 chest flap-type pockets with velcro closure. Elasticated waist at the back and pen pocket on left sleeve. The 2-way zipper with metal snap closure and 4 swing pockets on trouser with 2 back pockets with metal button & velcro makes it an ideal product. SKU: COM. Unit: Pcs.","in stock","new","42.00 AED","https://www.xpertonecreative.com/products/vaultex-100-twill-coverall-with-reflective-190-gsm-orange-color/","https://www.xpertonecreative.com/assets/img/products/clean-reference/uniforms/COM.webp?v=20260916exact","Xpertone Creative","Workwear & Uniforms > Protective Coverall","Workwear & Uniforms","Protective Coverall","Pcs"
"DEC","Vaultex, 100% Twill Coverall with Reflective, 190 Gsm, Royal Blue Color","100% Twill Coverall With Reflective from Vaultex comes with 2 chest flap-type pockets with a velcro closure along with a pen pocket on the left sleeve. An elasticated waist makes it easier to wear. This product also supports 2 reflective strips on shoulders and 2 reflective on both sleeves and legs. Seams are stitched with colourfast thread. The coverall is also shrinking resistant. SKU: DEC. Unit: Pcs.","in stock","new","42.00 AED","https://www.xpertonecreative.com/products/vaultex-100-twill-coverall-with-reflective-190-gsm-royal-blue-color/","https://www.xpertonecreative.com/assets/img/products/clean-reference/uniforms/DEC.webp?v=20260916exact","Xpertone Creative","Workwear & Uniforms > Protective Coverall","Workwear & Uniforms","Protective Coverall","Pcs"
"1RV","Vaultex, 100% Twill Coverall, 190 Gsm, Red Color","Workwear & Uniforms supplied by Xpertone Creative in Dubai and across the UAE. SKU: 1RV. Unit: Pcs.","in stock","new","40.00 AED","https://www.xpertonecreative.com/products/vaultex-100-twill-coverall-190-gsm-red-color/","https://www.xpertonecreative.com/assets/img/products/clean-reference/uniforms/1RV.webp?v=20260916exact","Xpertone Creative","Workwear & Uniforms > Coverall 190 GSM","Workwear & Uniforms","Coverall 190 GSM","Pcs"
"1BV","Vaultex, 100% Twill Coverall, Beige Color","1BV is a complete garment with 100% twill Cotton COVERALL manufactured by VAULTEX top quality and competitively priced. It has 2 Chest pockets with Velcro Flap and 1 Upper chest snap, 2 Side Pockets with Velcro Flaps & 2 Patch Pockets at the Back. Elasticized waistband at the Back with Fastening Metal Buckle for Safety & Comfort. SKU: 1BV. Unit: Pcs.","in stock","new","40.00 AED","https://www.xpertonecreative.com/products/vaultex-100-twill-coverall-beige-color/","https://www.xpertonecreative.com/assets/img/products/clean-reference/uniforms/1BV.webp?v=20260916exact","Xpertone Creative","Workwear & Uniforms > Protective Coverall","Workwear & Uniforms","Protective Coverall","Pcs"
"1GV","Vaultex, 100% Twill Coverall, Green Color","1GV is a complete garment with 100% twill Cotton COVERALL manufactured by VAULTEX top quality and competitively priced. It has 2 Chest pockets with Velcro Flap and 1 Upper chest snap, 2 Side Pockets with Velcro Flaps & 2 Patch Pockets at the Back. Elasticized waistband at the Back with Fastening Metal Buckle for Safety & Comfort. SKU: 1GV. Unit: Pcs.","in stock","new","40.00 AED","https://www.xpertonecreative.com/products/vaultex-100-twill-coverall-green-color/","https://www.xpertonecreative.com/assets/img/products/clean-reference/uniforms/1GV.webp?v=20260916exact","Xpertone Creative","Workwear & Uniforms > Protective Coverall","Workwear & Uniforms","Protective Coverall","Pcs"
"1GRV","Vaultex, 100% Twill Coverall, Grey Color","1GRV is a complete garment with 100% twill Cotton COVERALL manufactured by VAULTEX top quality and competitively priced. It has 2 Chest pockets with Velcro Flap and 1 Upper chest snap, 2 Side Pockets with Velcro Flaps & 2 Patch Pockets at the Back. Elasticized waistband at the Back with Fastening Metal Buckle for Safety & Comfort. SKU: 1GRV. Unit: Pcs.","in stock","new","40.00 AED","https://www.xpertonecreative.com/products/vaultex-100-twill-coverall-grey-color/","https://myodfvshmusywmhdozwt.supabase.co/storage/v1/object/public/product-photos/1GRV/1789030934757-1GRV.png","Xpertone Creative","Workwear & Uniforms > Protective Coverall","Workwear & Uniforms","Protective Coverall","Pcs"
"1NV","Vaultex, 100% Twill Coverall, Navy Blue Color","1NV is a complete garment with 100% twill Cotton COVERALL manufactured by VAULTEX top quality and competitively priced. It has 2 Chest pockets with Velcro Flap and 1 Upper chest snap, 2 Side Pockets with Velcro Flaps & 2 Patch Pockets at the Back. Elasticized waistband at the Back with Fastening Metal Buckle for Safety & Comfort. SKU: 1NV. Unit: Pcs.","in stock","new","40.00 AED","https://www.xpertonecreative.com/products/vaultex-100-twill-coverall-navy-blue-color/","https://www.xpertonecreative.com/assets/img/products/clean-reference/uniforms/1NV.webp?v=20260916exact","Xpertone Creative","Workwear & Uniforms > Protective Coverall","Workwear & Uniforms","Protective Coverall","Pcs"
"1OV","Vaultex, 100% Twill Coverall, Orange Color","1OV is a complete garment with 100% twill Cotton COVERALL manufactured by VAULTEX top quality and competitively priced. It has 2 Chest pockets with Velcro Flap and 1 Upper chest snap, 2 Side Pockets with Velcro Flaps & 2 Patch Pockets at the Back. Elasticized waistband at the Back with Fastening Metal Buckle for Safety & Comfort. SKU: 1OV. Unit: Pcs.","in stock","new","40.00 AED","https://www.xpertonecreative.com/products/vaultex-100-twill-coverall-orange-color/","https://myodfvshmusywmhdozwt.supabase.co/storage/v1/object/public/product-photos/1OV/1789030939211-1OV.png","Xpertone Creative","Workwear & Uniforms > Protective Coverall","Workwear & Uniforms","Protective Coverall","Pcs"
"1PV","Vaultex, 100% Twill Coverall, Petrol Blue Color","1PV is a complete garment with 100% twill Cotton COVERALL manufactured by VAULTEX top quality and competitively priced. It has 2 Chest pockets with Velcro Flap and 1 Upper chest snap, 2 Side Pockets with Velcro Flaps & 2 Patch Pockets at the Back. Elasticized waistband at the Back with Fastening Metal Buckle for Safety & Comfort. SKU: 1PV. Unit: Pcs.","in stock","new","37.00 AED","https://www.xpertonecreative.com/products/vaultex-100-twill-coverall-petrol-blue-color-1/","https://myodfvshmusywmhdozwt.supabase.co/storage/v1/object/public/product-photos/1PV/1789030943832-1PV.png","Xpertone Creative","Workwear & Uniforms > Protective Coverall","Workwear & Uniforms","Protective Coverall","Pcs"
"PER","Vaultex, 100% Twill Coverall, White Color","PER is a complete garment with 100% twill Cotton COVERALL manufactured by VAULTEX top quality and competitively priced. It has 2 Chest pockets with Velcro Flap and 1 Upper chest snap, 2 Side Pockets with Velcro Flaps & 2 Patch Pockets at the Back. Elasticized waistband at the Back with Fastening Metal Buckle for Safety & Comfort. SKU: PER. Unit: Pcs.","in stock","new","40.00 AED","https://www.xpertonecreative.com/products/vaultex-100-twill-coverall-white-color/","https://www.xpertonecreative.com/assets/img/products/clean-reference/uniforms/PER.webp?v=20260916exact","Xpertone Creative","Workwear & Uniforms > Protective Coverall","Workwear & Uniforms","Protective Coverall","Pcs"
"1YV","Vaultex, 100% Twill Coverall, Yellow Color","1YV is a complete garment with 100% twill Cotton COVERALL manufactured by VAULTEX top quality and competitively priced. It has 2 Chest pockets with Velcro Flap and 1 Upper chest snap, 2 Side Pockets with Velcro Flaps & 2 Patch Pockets at the Back. Elasticized waistband at the Back with Fastening Metal Buckle for Safety & Comfort. SKU: 1YV. Unit: Pcs.","in stock","new","39.00 AED","https://www.xpertonecreative.com/products/vaultex-100-twill-coverall-yellow-color/","https://www.xpertonecreative.com/assets/img/products/clean-reference/uniforms/1YV.webp?v=20260916exact","Xpertone Creative","Workwear & Uniforms > Protective Coverall","Workwear & Uniforms","Protective Coverall","Pcs"
"AGC","Vaultex, 100% Twill Pant & Shirt with Yellow/Grey Reflective, Navy Blue Color","Workwear & Uniforms supplied by Xpertone Creative in Dubai and across the UAE. SKU: AGC. Unit: Set.","in stock","new","46.00 AED","https://www.xpertonecreative.com/products/vaultex-100-twill-pant-shirt-with-yellow-grey-reflective-navy-blue-color/","https://myodfvshmusywmhdozwt.supabase.co/storage/v1/object/public/product-photos/AGC/1789030948218-AGC.png","Xpertone Creative","Workwear & Uniforms > Twill Pant & Shirt","Workwear & Uniforms","Twill Pant & Shirt","Set"
"GHK","Vaultex, 100% Twill Pant & Shirt with Yellow/Grey Reflective, Orange Color","Workwear & Uniforms supplied by Xpertone Creative in Dubai and across the UAE. SKU: GHK. Unit: Set.","in stock","new","46.00 AED","https://www.xpertonecreative.com/products/vaultex-100-twill-pant-shirt-with-yellow-grey-reflective-orange-color/","https://www.xpertonecreative.com/assets/img/products/clean-reference/uniforms/GHK.webp?v=20260916exact","Xpertone Creative","Workwear & Uniforms > Twil Pant & Shirtl","Workwear & Uniforms","Twil Pant & Shirtl","Set"
"OHG","Vaultex, 100% Twill Pant & Shirt with Yellow/Grey Reflective, Petrol Blue Color","Workwear & Uniforms supplied by Xpertone Creative in Dubai and across the UAE. SKU: OHG. Unit: Set.","in stock","new","46.00 AED","https://www.xpertonecreative.com/products/vaultex-100-twill-pant-shirt-with-yellow-grey-reflective-petrol-blue-color/","https://myodfvshmusywmhdozwt.supabase.co/storage/v1/object/public/product-photos/OHG/1789030952718-OHG.png","Xpertone Creative","Workwear & Uniforms > Twill Pant & Shirt","Workwear & Uniforms","Twill Pant & Shirt","Set"
"CBV","Vaultex, 100% Twill Pant & Shirt, Beige Color","CBV is a clothing that has 100% Twill material and is also very comfortable to wear and use for protection manufactured by VAULTEX, a protective clothing making company. It consists of two chest pockets with button flap, and two lower swing pockets. The pants have two swing pockets , two side pockets with velcro and two back pockets with Velcro flap .It has Elasticized Waistband at the back for improved comfort ,Sanforized, mercerized & Pre-Shrunk all stress points reinforced with bartack, stitched seams with colorfast thread. SKU: CBV. Unit: Pcs.","in stock","new","42.00 AED","https://www.xpertonecreative.com/products/vaultex-100-twill-pant-shirt-beige-color/","https://myodfvshmusywmhdozwt.supabase.co/storage/v1/object/public/product-photos/CBV/1789030957456-CBV.png","Xpertone Creative","Workwear & Uniforms > Pant & Shirt","Workwear & Uniforms","Pant & Shirt","Pcs"
"CGV","Vaultex, 100% Twill Pant & Shirt, Green Colour","CGV is clothing that has 100% Twill material and is also very comfortable to wear and use for protection manufactured by VAULTEX, a protective clothing making company. It consists of two chest pockets with a button flap, and two lower swing pockets. The pants have two swing pockets, two side pockets with velcro and two back pockets with Velcro flap. It has Elasticized Waistband at the back for improved comfort, Sanforized, mercerized & Pre-Shrunk all stress points reinforced with bar tack, stitched seams with colourfast thread. SKU: CGV. Unit: PCS.","in stock","new","43.00 AED","https://www.xpertonecreative.com/products/vaultex-100-twill-pant-shirt-green-colour/","https://myodfvshmusywmhdozwt.supabase.co/storage/v1/object/public/product-photos/CGV/1789030962125-CGV.png","Xpertone Creative","Workwear & Uniforms > Protective Coverall","Workwear & Uniforms","Protective Coverall","PCS"
"OVT","Vaultex, 100% Twill Pant & Shirt, Orange Color","Introducing the OVT 100% Twill Pant & Shirt Set, designed for both comfort and functionality in the workplace. Crafted in China, these garments are made from high-quality twill fabric with a weight of 190 GSM, offering durability and breathability. The shirt features 2 chest pockets with flap and buttons, as well as 2 lower swing pockets for convenient storage. The pants come with 2 swing pockets, 2 side pockets with Velcro flaps for added security, and 2 back pockets with flaps. The elasticized waistband at the back ensures improved comfort throughout the day. These garments are sanforized, mercerized, and pre-shrunk to maintain their shape and size, even after multiple washes. The metal buttons add a touch of durability and style to this versatile workwear set, making it a reliable choice for various work environments. SKU: OVT. Unit: Pcs.","in stock","new","43.00 AED","https://www.xpertonecreative.com/products/vaultex-100-twill-pant-shirt-orange-color/","https://myodfvshmusywmhdozwt.supabase.co/storage/v1/object/public/product-photos/OVT/1789030985420-OVT.png","Xpertone Creative","Workwear & Uniforms > Pant & Shirt","Workwear & Uniforms","Pant & Shirt","Pcs"
"CPV","Vaultex, 100% Twill Pant & Shirt, Petrol Blue Color","CPV is clothing that has 100% Twill material and is also very comfortable to wear and use for protection manufactured by VAULTEX, a protective clothing making company. It consists of two chest pockets with a button flap, and two lower swing pockets. The pants have two swing pockets, two side pockets with velcro and two back pockets with Velcro flap. It has Elasticized Waistband at the back for improved comfort, Sanforized, mercerized & Pre-Shrunk all stress points reinforced with bar tack, stitched seams with colourfast thread. SKU: CPV. Unit: Pcs.","in stock","new","43.00 AED","https://www.xpertonecreative.com/products/vaultex-100-twill-pant-shirt-petrol-blue-color-1/","https://myodfvshmusywmhdozwt.supabase.co/storage/v1/object/public/product-photos/CPV/1789039807552-CPV.png","Xpertone Creative","Workwear & Uniforms > Protective Coverall","Workwear & Uniforms","Protective Coverall","Pcs"
"UDO","Vaultex, 100% Twill Pant Shirt with Two Reflective, 190 gsm, Beige Color","UDO is a clothing that has 100% Twill cotton material and is also very comfortable to wear and use for protection manufactured by VAULTEX, a protective clothing making company. It consists of two chest pockets with zip closure, two lower swing pockets with velcro flap, Reflective tapes on both sleeves. The pants have two swing pockets , two side pockets with velcro and two back pockets with Velcro .The pants also have reflective tapes on both the legs. It has Elasticized Waistband at the back for improved comfort , Sanforized , mercerized & Pre-Shrunk all stress points reinforced with bar tack , stitched seams with colorfast thread. SKU: UDO. Unit: Pcs.","in stock","new","44.00 AED","https://www.xpertonecreative.com/products/vaultex-100-twill-pant-shirt-with-two-reflective-190-gsm-beige-color/","https://www.xpertonecreative.com/assets/img/products/clean-reference/uniforms/UDO.webp?v=20260916exact","Xpertone Creative","Workwear & Uniforms > Protective Coverall","Workwear & Uniforms","Protective Coverall","Pcs"
"SKO","Vaultex, 100% Twill Pant Shirt with Two Reflective, 190 gsm, Grey Color","SKO is clothing that has 100% Twill cotton material and is also very comfortable to wear and use for protection manufactured by VAULTEX, a protective clothing making company. It consists of two chest pockets with zip closure, two lower swing pockets with velcro flap, Reflective tapes on both sleeves. The pants have two swing pockets, two side pockets with velcro and two back pockets with Velcro. The pants also have reflective tapes on both legs. It has Elasticized Waistband at the back for improved comfort, Sanforized, mercerized & Pre-Shrunk all stress points reinforced with bartack, stitched seams with colourfast thread. SKU: SKO. Unit: Pcs.","in stock","new","44.00 AED","https://www.xpertonecreative.com/products/vaultex-100-twill-pant-shirt-with-two-reflective-190-gsm-grey-color/","https://www.xpertonecreative.com/assets/img/audit-mockups/SKO.jpg","Xpertone Creative","Workwear & Uniforms > Protective Coverall","Workwear & Uniforms","Protective Coverall","Pcs"
"LDC","Vaultex, 100% Twill Pant Shirt with Two Reflective, 190 gsm, Navy Blue Color","LDC is a clothing that has 100% Twill cotton material and is also very comfortable to wear and use for protection manufactured by VAULTEX, a protective clothing making company. It consists of two chest pockets with zip closure, two lower swing pockets with velcro flap, Reflective tapes on both sleeves . The pants have two swing pockets , two side pockets with velcro and two back pockets with Velcro .The pants also have reflective tapes on both the legs. It has Elasticized Waistband at the back for improved comfort , Sanforized , mercerized & Pre-Shrunk all stress points reinforced with bar tack , stitched seams with colorfast thread. SKU: LDC. Unit: Pcs.","in stock","new","44.00 AED","https://www.xpertonecreative.com/products/vaultex-100-twill-pant-shirt-with-two-reflective-190-gsm-navy-blue-color/","https://myodfvshmusywmhdozwt.supabase.co/storage/v1/object/public/product-photos/LDC/1789030994607-LDC.png","Xpertone Creative","Workwear & Uniforms > Protective Coverall","Workwear & Uniforms","Protective Coverall","Pcs"
"WWB","Vaultex, 100% Twill Pant Shirt, Beige Color","Workwear & Uniforms supplied by Xpertone Creative in Dubai and across the UAE. SKU: WWB. Unit: Set.","in stock","new","40.00 AED","https://www.xpertonecreative.com/products/vaultex-100-twill-pant-shirt-beige-color-2/","https://myodfvshmusywmhdozwt.supabase.co/storage/v1/object/public/product-photos/WWB/1789030999142-WWB.png","Xpertone Creative","Workwear & Uniforms > With Pocket","Workwear & Uniforms","With Pocket","Set"
"MJT","Vaultex, 100% Twill Pant Shirt, Grey Color","MJT is clothing that has 100% Twill material and is also very comfortable to wear and use for protection manufactured by VAULTEX, a protective clothing making company. It consists of two chest pockets with a button flap, and two lower swing pockets. The pants have two swing pockets, two side pockets with velcro and two back pockets with Velcro flap. It has Elasticized Waistband at the back for improved comfort, Sanforized, mercerized & Pre-Shrunk all stress points reinforced with bar tack, stitched seams with colourfast thread. SKU: MJT. Unit: Pcs.","in stock","new","43.00 AED","https://www.xpertonecreative.com/products/vaultex-100-twill-pant-shirt-grey-color/","https://myodfvshmusywmhdozwt.supabase.co/storage/v1/object/public/product-photos/MJT/1789031004142-MJT.png","Xpertone Creative","Workwear & Uniforms > Protective Coverall","Workwear & Uniforms","Protective Coverall","Pcs"
"WWG","Vaultex, 100% Twill Pant Shirt, Grey Color","Workwear & Uniforms supplied by Xpertone Creative in Dubai and across the UAE. SKU: WWG. Unit: Set.","in stock","new","40.00 AED","https://www.xpertonecreative.com/products/vaultex-100-twill-pant-shirt-grey-color-2/","https://www.xpertonecreative.com/assets/img/products/clean-reference/uniforms/WWG.webp?v=20260916exact","Xpertone Creative","Workwear & Uniforms > With Pocket","Workwear & Uniforms","With Pocket","Set"
"CNV","Vaultex, 100% Twill Pant Shirt, Navy Blue Color","CNV is clothing that has 100% Twill material and is also very comfortable to wear and use for protection manufactured by VAULTEX, a protective clothing making company. It consists of two chest pockets with a button flap, and two lower swing pockets. The pants have two swing pockets, two side pockets with velcro and two back pockets with Velcro flap. It has Elasticized Waistband at the back for improved comfort, Sanforized, mercerized & Pre-Shrunk all stress points reinforced with bar tack, stitched seams with colourfast thread. SKU: CNV. Unit: Pcs.","in stock","new","42.00 AED","https://www.xpertonecreative.com/products/vaultex-100-twill-pant-shirt-navy-blue-color/","https://myodfvshmusywmhdozwt.supabase.co/storage/v1/object/public/product-photos/CNV/1789031008805-CNV.png","Xpertone Creative","Workwear & Uniforms > Protective Coverall","Workwear & Uniforms","Protective Coverall","Pcs"
"WWN","Vaultex, 100% Twill Pant Shirt, Navy Blue Color","Workwear & Uniforms supplied by Xpertone Creative in Dubai and across the UAE. SKU: WWN. Unit: Set.","in stock","new","40.00 AED","https://www.xpertonecreative.com/products/vaultex-100-twill-pant-shirt-navy-blue-color-2/","https://www.xpertonecreative.com/assets/img/products/clean-reference/uniforms/WWN.webp?v=20260916exact","Xpertone Creative","Workwear & Uniforms > With Pocket","Workwear & Uniforms","With Pocket","Set"
"WWP","Vaultex, 100% Twill Pant Shirt, Petrol Blue Color","Workwear & Uniforms supplied by Xpertone Creative in Dubai and across the UAE. SKU: WWP. Unit: Set.","in stock","new","40.00 AED","https://www.xpertonecreative.com/products/vaultex-100-twill-pant-shirt-petrol-blue-color-3/","https://myodfvshmusywmhdozwt.supabase.co/storage/v1/object/public/product-photos/WWP/1789031013875-WWP.png","Xpertone Creative","Workwear & Uniforms > With Pocket","Workwear & Uniforms","With Pocket","Set"
"CYV","Vaultex, 100% Twill Pant Shirt, Yellow Color","CYV is clothing that has 100% Twill material and is also very comfortable to wear and use for protection manufactured by VAULTEX, a protective clothing making company. It consists of two chest pockets with a button flap, and two lower swing pockets. The pants have two swing pockets, two side pockets with velcro and two back pockets with Velcro flap. It has Elasticized Waistband at the back for improved comfort, Sanforized, mercerized & Pre-Shrunk all stress points reinforced with bar tack, stitched seams with colourfast thread. SKU: CYV. Unit: Pcs.","in stock","new","42.00 AED","https://www.xpertonecreative.com/products/vaultex-100-twill-pant-shirt-yellow-color/","https://www.xpertonecreative.com/assets/img/products/clean-reference/uniforms/CYV.webp?v=20260916exact","Xpertone Creative","Workwear & Uniforms > Protective Coverall","Workwear & Uniforms","Protective Coverall","Pcs"
"TIE","Vaultex, 3-in-1 Winter Jacket, Yellow Color","Workwear & Uniforms supplied by Xpertone Creative in Dubai and across the UAE. SKU: TIE. Unit: Pcs.","in stock","new","93.00 AED","https://www.xpertonecreative.com/products/vaultex-3-in-1-winter-jacket-yellow-color/","https://myodfvshmusywmhdozwt.supabase.co/storage/v1/object/public/product-photos/TIE/1789031018917-TIE.png","Xpertone Creative","Workwear & Uniforms > With Pocket","Workwear & Uniforms","With Pocket","Pcs"
"MSG","Vaultex, 65/35 Cargo Pant, 270 Gsm","Workwear & Uniforms supplied by Xpertone Creative in Dubai and across the UAE. SKU: MSG. Unit: Pcs.","in stock","new","49.00 AED","https://www.xpertonecreative.com/products/vaultex-100-cotton-cargo-pant-240-gsm/","https://myodfvshmusywmhdozwt.supabase.co/storage/v1/object/public/product-photos/MSG/1789031023847-MSG.png","Xpertone Creative","Workwear & Uniforms > Other","Workwear & Uniforms","Other","Pcs"
"EAU","Vaultex, 65/35 Cargo Pant, 275 Gsm","Workwear & Uniforms supplied by Xpertone Creative in Dubai and across the UAE. SKU: EAU. Unit: Pcs.","in stock","new","50.00 AED","https://www.xpertonecreative.com/products/vaultex-65-35-cargo-pant-240-gsm/","https://myodfvshmusywmhdozwt.supabase.co/storage/v1/object/public/product-photos/EAU/1789031028486-EAU.png","Xpertone Creative","Workwear & Uniforms > Other","Workwear & Uniforms","Other","Pcs"
"UXV","Vaultex, 65% Polyester & 35% Cotton Lab Coat, 220 Gsm White Color","Workwear & Uniforms supplied by Xpertone Creative in Dubai and across the UAE. SKU: UXV. Unit: Set.","in stock","new","43.00 AED","https://www.xpertonecreative.com/products/vaultex-65-polyester-35-cotton-lab-coat-220-gsm-white-color/","https://myodfvshmusywmhdozwt.supabase.co/storage/v1/object/public/product-photos/UXV/1789031033125-UXV.png","Xpertone Creative","Workwear & Uniforms > With Pocket","Workwear & Uniforms","With Pocket","Set"
"MUN","Vaultex, 99% Cotton + 1% Antistatic Fire Retardant Coverall , 250 Gsm, Royal Blue Color","The MUN coverall is a 99% cotton and 1% anti-static FR coverall designed to provide maximum safety and comfort to the wearer. The coverall features reflective patches on the shoulders and rings on the sleeves, torso, and legs, providing high visibility to the wearer. It is made of sanforized, mercerized, and pre-shrunk fabric and conforms to EN ISO 11612:2010 (A1, B1, C1, E1, F1) and EN 1149-5:2008 standards. SKU: MUN. Unit: PCS.","in stock","new","103.00 AED","https://www.xpertonecreative.com/products/vaultex-99-cotton-1-antistatic-fire-retardant-coverall-250-gsm-royal-blue-color/","https://myodfvshmusywmhdozwt.supabase.co/storage/v1/object/public/product-photos/MUN/1789031037798-MUN.png","Xpertone Creative","Workwear & Uniforms > Protective Coverall","Workwear & Uniforms","Protective Coverall","PCS"
"MBS","Vaultex, 99% Cotton + 1% Antistatic FR Coverall with Reflective, 220 Gsm, Royal Blue Color","Workwear & Uniforms supplied by Xpertone Creative in Dubai and across the UAE. SKU: MBS. Unit: Pcs.","in stock","new","99.00 AED","https://www.xpertonecreative.com/products/vaultex-99-cotton-1-antistatic-fr-coverall-with-reflective-230-gsm-royal-blue-color/","https://myodfvshmusywmhdozwt.supabase.co/storage/v1/object/public/product-photos/MBS/1789031060238-MBS.png","Xpertone Creative","Workwear & Uniforms > Protective Coverall","Workwear & Uniforms","Protective Coverall","Pcs"
"NXG","Vaultex, Class 2 Welding Coverall with Antistatic, 250 Gsm, Royal Blue Color","Workwear & Uniforms supplied by Xpertone Creative in Dubai and across the UAE. SKU: NXG. Unit: Pcs.","in stock","new","123.00 AED","https://www.xpertonecreative.com/products/vaultex-class-2-welding-coverall-with-antistatic-250-gsm-royal-blue-color/","https://myodfvshmusywmhdozwt.supabase.co/storage/v1/object/public/product-photos/NXG/1789031064882-NXG.png","Xpertone Creative","Workwear & Uniforms > With Pocket","Workwear & Uniforms","With Pocket","Pcs"
"LBF","Vaultex, Class 2 Welding Pant & Shirt with Antistatic, 250 Gsm, Royal Blue Color","Workwear & Uniforms supplied by Xpertone Creative in Dubai and across the UAE. SKU: LBF. Unit: Pcs.","in stock","new","132.00 AED","https://www.xpertonecreative.com/products/vaultex-class-2-welding-pant-shirt-with-antistatic-250-gsm-royal-blue-color/","https://www.xpertonecreative.com/assets/img/products/clean-reference/uniforms/LBF.webp?v=20260916exact","Xpertone Creative","Workwear & Uniforms > With Pocket","Workwear & Uniforms","With Pocket","Pcs"
"DCC","Vaultex, Disposable Coverall 30 gsm, White Color","The DCC is a non-medical disposable coverall made of non-woven, breathable polypropylene fabric. It features an elasticated hood, cuffs, ankles, and a storm flap over the zip for added protection. This product originates from China, is available in white color, and comes in sizes ranging from S to 5XL. Each coverall is packed individually, with 100 pieces per carton. SKU: DCC. Unit: Pcs.","in stock","new","23.00 AED","https://www.xpertonecreative.com/products/vaultex-disposable-coverall-30-gsm-white-color/","https://www.xpertonecreative.com/assets/img/products/clean-reference/uniforms/DCC.webp?v=20260916exact","Xpertone Creative","Workwear & Uniforms > Disposable Coverall","Workwear & Uniforms","Disposable Coverall","Pcs"
"DCL","Vaultex, Disposable Coverall 40 gsm, White Color","Vaultex DCL is a Disposable Coverall that is made from a Non-Woven Breathable Polypropylene Fabric With an elasticated Hood, Cuffs and Ankles, Storm flap over zip, which is lightweight and comfortable to wear. The material is also highly resistant to tearing or ripping. These coveralls have been manufactured using a unique knitting method that gives them good stretch without losing their shape. The breathable fabric ensures maximum comfort from the inside, as it keeps your body temperature regulated even when you're working up a sweat. SKU: DCL. Unit: Pcs.","in stock","new","23.00 AED","https://www.xpertonecreative.com/products/vaultex-disposable-coverall-40-gsm-white-color/","https://myodfvshmusywmhdozwt.supabase.co/storage/v1/object/public/product-photos/DCL/1789031070565-DCL.png","Xpertone Creative","Workwear & Uniforms > Disposable Coverall","Workwear & Uniforms","Disposable Coverall","Pcs"
"DCH","Vaultex, Disposable Coverall 50 gsm, White Color","The DCH product is a Non-Medical Disposable Coverall weighing 50 GSM. It is made of non-woven breathable polypropylene fabric and features an elasticated hood, cuffs, ankles, and a storm flap over the zip. The product is available in white color and comes in sizes ranging from S to 5XL. SKU: DCH. Unit: Pcs.","in stock","new","23.00 AED","https://www.xpertonecreative.com/products/vaultex-disposable-coverall-50-gsm-white-color/","https://www.xpertonecreative.com/assets/img/products/clean-reference/uniforms/DCH.webp?v=20260916exact","Xpertone Creative","Workwear & Uniforms > Disposable Coverall","Workwear & Uniforms","Disposable Coverall","Pcs"
"PDC","Vaultex, Disposable Coverall, Microporous, 60 Gsm","Vaultex brand PDC is a Disposable Coverall which is made from a Non-Woven Breathable Polypropylene Fabric With elasticated Hood, Cuffs and Ankles, Storm flap over zip, which is lightweight and comfortable to wear. The material is also highly resistant to tearing or ripping. These coveralls have been manufactured using a unique knitting method that gives them good stretch without losing their shape. The breathable fabric ensures maximum comfort from the inside, as it keeps your body temperature regulated even when you're working up a sweat. This coverall is used for Light Duty Cleaning, Warehousing, Janitorial, Domestic DIY and General Maintenance. SKU: PDC. Unit: Pcs.","in stock","new","24.00 AED","https://www.xpertonecreative.com/products/vaultex-disposable-coverall-microporous-60-gsm/","https://www.xpertonecreative.com/assets/img/products/clean-reference/uniforms/PDC.webp?v=20260916exact","Xpertone Creative","Workwear & Uniforms > Disposable Coverall","Workwear & Uniforms","Disposable Coverall","Pcs"
"AUM","Vaultex, Disposable Coverall, Microporous, 60 gsm, White Color","Workwear & Uniforms supplied by Xpertone Creative in Dubai and across the UAE. SKU: AUM. Unit: Pcs.","in stock","new","28.00 AED","https://www.xpertonecreative.com/products/vaultex-disposable-coverall-microporous-60-gsm-white-color-2/","https://www.xpertonecreative.com/assets/img/products/clean-reference/uniforms/AUM.webp?v=20260916exact","Xpertone Creative","Workwear & Uniforms > With Zipper","Workwear & Uniforms","With Zipper","Pcs"
"TDC","Vaultex, Disposable Coverall, Microporous, 60 gsm, White Color","Vaultex TDC Disposable Coverall is the best solution for the safety and protection of your staff in dry particulate and certain limited liquid chemical splash environments. This coverall provides an extra layer of protection with laminated microporous material. It has 2-way zipper with storm flap for added on-off convenience and extra protection, elastic cuffs, waist and ankles for a better Fit and Freedom of Movement, Exterior Stitched Seams, Optimal Fit. Widely used for Pharmaceuticals , Food and Beverage Manufacturing , Spray paining etc. SKU: TDC. Unit: Pcs.","in stock","new","25.00 AED","https://www.xpertonecreative.com/products/vaultex-disposable-coverall-microporous-60-gsm-white-color/","https://www.xpertonecreative.com/assets/img/products/clean-reference/uniforms/TDC.webp?v=20260916exact","Xpertone Creative","Workwear & Uniforms > Disposable Coverall","Workwear & Uniforms","Disposable Coverall","Pcs"
"UFV","Vaultex, European Style 100% Cotton Pant Shirt with Reflective 260 gsm, Royal Blue, Part No: VFU","Workwear & Uniforms supplied by Xpertone Creative in Dubai and across the UAE. SKU: UFV. Unit: Set.","in stock","new","74.00 AED","https://www.xpertonecreative.com/products/vaultex-european-style-100-cotton-pant-shirt-with-reflective-260-gsm-royal-blue-part-no-vfu/","https://www.xpertonecreative.com/assets/img/products/clean-reference/uniforms/UFV.webp?v=20260916exact","Xpertone Creative","Workwear & Uniforms > With Pocket","Workwear & Uniforms","With Pocket","Set"
"GEM","Vaultex, European Style 100% Cotton Pant Shirt with Reflective, 260 gsm, Grey Color","Made by Vaultex, GEM is a European style clothing that has 100% cotton and is also very comfortable to wear and use for protection. It consists of two chest pockets with zip closure, two lower swing pockets with velcro flap, Reflective tapes on both sleeves and shoulders. The pants have two side pockets with velcro and two back pockets with Velcro. The pants also have reflective tapes on both legs. It has Elasticized Waistband at the back for improved comfort, Sanforized, mercerized & Pre-Shrunk all stress points reinforced with bartack, stitched seams with colourfast thread. SKU: GEM. Unit: Pcs.","in stock","new","60.00 AED","https://www.xpertonecreative.com/products/vaultex-european-style-100-cotton-pant-shirt-with-reflective-260-gsm-grey-color/","https://www.xpertonecreative.com/assets/img/products/clean-reference/uniforms/GEM.webp?v=20260916exact","Xpertone Creative","Workwear & Uniforms > Protective Coverall","Workwear & Uniforms","Protective Coverall","Pcs"
"MEG","Vaultex, European Style 100% Cotton Pant Shirt with Reflective, 260 gsm, Grey Color, Part No: GEM","Introducing the MEG 100% Cotton Pant & Shirt with Reflective (European Style) Set, designed for both durability and safety in demanding work environments. Manufactured in China, these garments are made from premium 100% cotton fabric with a robust 260 GSM weight, ensuring comfort and longevity. The shirt boasts 2 chest pockets with zip closure compartments, adding secure storage options, while the 2 lower swing pockets feature Velcro flaps for convenience. Reflective tape on both sleeves and shoulders enhances visibility in low-light conditions. The pants offer 2 swing pockets, 2 side pockets, 2 back pockets with Velcro flaps, and 1 radio pocket with a Velcro flap, ensuring ample storage for tools and equipment. The elasticized waistband at the back improves comfort during long hours of wear. Reflective tape on both legs further enhances safety. These garments are sanforized, mercerized, and pre-shrunk to maintain their shape and size, even after repeated washes. Stress points are reinforced with bar tack stitching for added durability, and all seams are stitched with colorfast thread. Elevate your workwear with the MEG Cotton Pant & Shirt Set, offering both functionality and safety on the job. SKU: MEG. Unit: PCS.","in stock","new","74.00 AED","https://www.xpertonecreative.com/products/vaultex-european-style-100-cotton-pant-shirt-with-reflective-260-gsm-grey-color-part-no-gem/","https://www.xpertonecreative.com/assets/img/products/clean-reference/uniforms/MEG.webp?v=20260916exact","Xpertone Creative","Workwear & Uniforms > With Pocket","Workwear & Uniforms","With Pocket","PCS"
"CSO","Vaultex, European Style 100% Twill Pant Shirt with Reflective 190 Gsm, Beige Color","CSO is a European style clothing that has 100% Twill cotton material and is also very comfortable to wear and use for protection manufactured by VAULTEX, a protective clothing making company. It consists of two chest pockets with zip closure, two lower swing pockets with velcro flap, Reflective tapes on both sleeves and shoulders. The pants have two swing pockets, two side pockets with velcro and two back pockets with Velcro. The pants also have reflective tapes on both legs. It has Elasticized Waistband at the back for improved comfort, Sanforized, mercerized & Pre-Shrunk all stress points reinforced with bartack, stitched seams with colourfast thread. SKU: CSO. Unit: Pcs.","in stock","new","59.00 AED","https://www.xpertonecreative.com/products/vaultex-european-style-100-twill-pant-shirt-with-reflective-190-gsm-beige-color/","https://myodfvshmusywmhdozwt.supabase.co/storage/v1/object/public/product-photos/CSO/1789039943558-CSO.png","Xpertone Creative","Workwear & Uniforms > Protective Coverall","Workwear & Uniforms","Protective Coverall","Pcs"
"DUE","Vaultex, European Style 100% Twill Pant Shirt with Reflective 190 gsm, Navy Blue Color","DUE is a European style clothing that has 100% Twill cotton material and is also very comfortable to wear and use for protection manufactured by VAULTEX, a protective clothing making company. It consists of two chest pockets with zip closure, two lower swing pockets with velcro flap, Reflective tapes on both sleeves and shoulders. The pants have two swing pockets, two side pockets with velcro and two back pockets with Velcro. The pants also have reflective tapes on both legs. It has Elasticized Waistband at the back for improved comfort, Sanforized, mercerized & Pre-Shrunk all stress points reinforced with bartack, stitched seams with colourfast thread. SKU: DUE. Unit: Pcs.","in stock","new","59.00 AED","https://www.xpertonecreative.com/products/vaultex-european-style-100-twill-pant-shirt-with-reflective-190-gsm-navy-blue-color/","https://myodfvshmusywmhdozwt.supabase.co/storage/v1/object/public/product-photos/DUE/1789031081993-DUE.png","Xpertone Creative","Workwear & Uniforms > Protective Coverall","Workwear & Uniforms","Protective Coverall","Pcs"
"MPG","Vaultex, European Style 100% Twill Pant Shirt with Reflective, 190 gsm, Grey Color","MPG is a European style clothing that has 100% Twill cotton material and is also very comfortable to wear and use for protection manufactured by VAULTEX, a protective clothing making company. It consists of two chest pockets with zip closure, two lower swing pockets with velcro flap, Reflective tapes on both sleeves and shoulders. The pants have two swing pockets, two side pockets with velcro and two back pockets with Velcro. The pants also have reflective tapes on both legs. It has Elasticized Waistband at the back for improved comfort, Sanforized, mercerized & Pre-Shrunk all stress points reinforced with bartack, stitched seams with colourfast thread. SKU: MPG. Unit: Pcs.","in stock","new","59.00 AED","https://www.xpertonecreative.com/products/vaultex-european-style-100-twill-pant-shirt-with-reflective-190-gsm-grey-color/","https://myodfvshmusywmhdozwt.supabase.co/storage/v1/object/public/product-photos/MPG/1789031087509-MPG.png","Xpertone Creative","Workwear & Uniforms > Protective Coverall","Workwear & Uniforms","Protective Coverall","Pcs"
"TDB","Vaultex, European Style 100% Twill Pant Shirt with Reflective, 190 gsm, Petrol Blue Color","TDB by Vaultex is a 100% Twill Cotton Pant & Shirt with Reflectives.The Shirts has 2 Chest Pockets with Zip Closure Compartment & 2 Lower Swing Pockets with Velcro Flap, Reflective Tapes on Both Sleeves & Shoulders and the Pant has 2 Swing Pockets, 2 Side Pockets with Velcro Flap, 2 Side Pockets with Velcro & 2 Back Pockets with Velcro Flap, Elasticized Waist Band At The Back For Improved Comfort, Reflective Tapes on Both Legs. SKU: TDB. Unit: Pcs.","in stock","new","59.00 AED","https://www.xpertonecreative.com/products/vaultex-european-style-100-twill-pant-shirt-with-reflective-190-gsm-petrol-blue-color/","https://myodfvshmusywmhdozwt.supabase.co/storage/v1/object/public/product-photos/TDB/1789031094299-TDB.png","Xpertone Creative","Workwear & Uniforms > Protective Coverall","Workwear & Uniforms","Protective Coverall","Pcs"
"DNE","Vaultex, European Style 35/65 Coverall with Reflective 240 Gsm, Grey Color","Workwear & Uniforms supplied by Xpertone Creative in Dubai and across the UAE. SKU: DNE. Unit: Set.","in stock","new","60.00 AED","https://www.xpertonecreative.com/products/vaultex-european-style-35-65-coverall-with-reflective-235-gsm-grey-color/","https://myodfvshmusywmhdozwt.supabase.co/storage/v1/object/public/product-photos/DNE/1789031100398-DNE.png","Xpertone Creative","Workwear & Uniforms > Coverall 240 GSM","Workwear & Uniforms","Coverall 240 GSM","Set"
"TCA","Vaultex, European Style 35/65 Coverall with Reflective 240 Gsm, Navy Blue Color","Workwear & Uniforms supplied by Xpertone Creative in Dubai and across the UAE. SKU: TCA. Unit: Set.","in stock","new","61.00 AED","https://www.xpertonecreative.com/products/vaultex-european-style-35-65-coverall-with-reflective-235-gsm-navy-blue-color/","https://myodfvshmusywmhdozwt.supabase.co/storage/v1/object/public/product-photos/TCA/1789031105797-TCA.png","Xpertone Creative","Workwear & Uniforms > Coverall 240 GSM","Workwear & Uniforms","Coverall 240 GSM","Set"
"EUD","Vaultex, European Style 35/65 Pant Shirt with Reflective 240 Gsm, Grey Color","Workwear & Uniforms supplied by Xpertone Creative in Dubai and across the UAE. SKU: EUD. Unit: Set.","in stock","new","65.00 AED","https://www.xpertonecreative.com/products/vaultex-european-style-35-65-pant-shirt-with-reflective-235-gsm-grey-color/","https://myodfvshmusywmhdozwt.supabase.co/storage/v1/object/public/product-photos/EUD/1789031111873-EUD.png","Xpertone Creative","Workwear & Uniforms > Pant & Shirt 240 GSM","Workwear & Uniforms","Pant & Shirt 240 GSM","Set"
"QNQ","Vaultex, European Style 35/65 Pant Shirt with Reflective 240 Gsm, Grey+Royal Blue Color","Workwear & Uniforms supplied by Xpertone Creative in Dubai and across the UAE. SKU: QNQ. Unit: Set.","in stock","new","64.00 AED","https://www.xpertonecreative.com/products/vaultex-european-style-35-65-pant-shirt-with-reflective-240-gsm-grey-royal-blue-color/","https://myodfvshmusywmhdozwt.supabase.co/storage/v1/object/public/product-photos/QNQ/1789031118139-QNQ.png","Xpertone Creative","Workwear & Uniforms > With Pocket","Workwear & Uniforms","With Pocket","Set"
"HSI","Vaultex, European Style 35/65 Pant Shirt with Reflective 240 Gsm, Navy Blue Color","Workwear & Uniforms supplied by Xpertone Creative in Dubai and across the UAE. SKU: HSI. Unit: Set.","in stock","new","63.00 AED","https://www.xpertonecreative.com/products/vaultex-european-style-35-65-pant-shirt-with-reflective-235-gsm-navy-blue-color/","https://www.xpertonecreative.com/assets/img/products/clean-reference/uniforms/HSI.webp?v=20260916exact","Xpertone Creative","Workwear & Uniforms > Pant & Shirt 240 GSM","Workwear & Uniforms","Pant & Shirt 240 GSM","Set"
"SGF","Vaultex, Fire Fighter Hood, Natural Color","Workwear & Uniforms supplied by Xpertone Creative in Dubai and across the UAE. SKU: SGF. Unit: Pcs.","in stock","new","78.00 AED","https://www.xpertonecreative.com/products/vaultex-fire-fighter-hood-natural-color/","https://www.xpertonecreative.com/assets/img/products/clean-reference/uniforms/SGF.webp?v=20260916exact","Xpertone Creative","Workwear & Uniforms > Other","Workwear & Uniforms","Other","Pcs"
"PJM","Vaultex, Fire Fighter Hood, Navy Blue Color","Workwear & Uniforms supplied by Xpertone Creative in Dubai and across the UAE. SKU: PJM. Unit: Pcs.","in stock","new","128.00 AED","https://www.xpertonecreative.com/products/vaultex-fire-fighter-hood-navy-blue-color/","https://myodfvshmusywmhdozwt.supabase.co/storage/v1/object/public/product-photos/PJM/1789031124579-PJM.png","Xpertone Creative","Workwear & Uniforms > Other","Workwear & Uniforms","Other","Pcs"
"CVV","Vaultex, Fire Fighting Suit","Workwear & Uniforms supplied by Xpertone Creative in Dubai and across the UAE. SKU: CVV. Unit: Set.","in stock","new","870.00 AED","https://www.xpertonecreative.com/products/vaultex-fire-fighting-suit/","https://www.xpertonecreative.com/assets/img/products/clean-reference/uniforms/CVV.webp?v=20260916exact","Xpertone Creative","Workwear & Uniforms > Other","Workwear & Uniforms","Other","Set"
"IVB","Vaultex, Fire Retardant Coverall with 2"" Dual Tone Grey/Fluorescent Yellow Reflective,320 Gsm, Navy","Workwear & Uniforms supplied by Xpertone Creative in Dubai and across the UAE. SKU: IVB. Unit: Pcs.","in stock","new","76.00 AED","https://www.xpertonecreative.com/products/vaultex-fire-retardant-coverall-with-2-dual-tone-grey-fluorescent-yellow-reflective-320-gsm-navy/","https://myodfvshmusywmhdozwt.supabase.co/storage/v1/object/public/product-photos/IVB/1789031154598-IVB.png","Xpertone Creative","Workwear & Uniforms > Fire Retardant Coverall 320 GSM","Workwear & Uniforms","Fire Retardant Coverall 320 GSM","Pcs"
"BUM","Vaultex, Fire Retardant Coverall with 2"" Dual Tone Grey/Fluorescent Yellow Reflective,320 Gsm,Royal","Workwear & Uniforms supplied by Xpertone Creative in Dubai and across the UAE. SKU: BUM. Unit: Pcs.","in stock","new","81.00 AED","https://www.xpertonecreative.com/products/vaultex-fire-retardant-coverall-with-2-dual-tone-grey-fluorescent-yellow-reflective-320-gsm-royal/","https://www.xpertonecreative.com/assets/img/products/clean-reference/uniforms/BUM.webp?v=20260916exact","Xpertone Creative","Workwear & Uniforms > Fire Retardant Coverall 320 GSM","Workwear & Uniforms","Fire Retardant Coverall 320 GSM","Pcs"
"LBFRN","Vaultex, Fire Retardant Coverall with Labels, Navy Color","LBFRN is a Fire Retardant Coverall manufactured by Vaultex a Protective clothing and Uniform making company. It is made from 100% Cotton fabric which provides protection from Heat, Fire and Flame. This Coverall is designed with adjustable sleeve edges with button wrist closures, 2-way heavy-duty metal zipper with 2 chest snaps and storm flap, two chest pockets with zipper & 1 pen pocket on Left Arm, 1 Back Pocket in Trouser And 1 Tool Pocket at the Right Lower, 2 Elasticized Waist Band At Sides For Improved Ergonomics And Comfort, Double Stitched Seams For Enhanced Durability And Stress Points Reinforced With Bartack. SKU: LBFRN. Unit: Pcs.","in stock","new","69.00 AED","https://www.xpertonecreative.com/products/vaultex-fire-retardant-coverall-with-labels-navy-color/","https://myodfvshmusywmhdozwt.supabase.co/storage/v1/object/public/product-photos/LBFRN/1789031161539-LBFRN.png","Xpertone Creative","Workwear & Uniforms > Fire Retardant Coverall","Workwear & Uniforms","Fire Retardant Coverall","Pcs"
"LBFRO","Vaultex, Fire Retardant Coverall with Labels, Orange Color","LBFRO is a Fire Retardant Coverall manufactured by Vaultex a Protective clothing and Uniform making company. It is made from 100% Cotton fabric which provides protection from Heat, Fire and Flame. This Coverall is designed with adjustable sleeve edges with button wrist closures, 2 way heavy duty metal zipper with 2 chest snaps and storm flap, two chest pockets with zipper & 1 pen pocket on Left Arm, 1 Back Pocket in Trouser And 1 Tool Pocket at the Right Lower, 2 Elasticized Waist Band At Sides For Improved Ergonomics And Comfort, Double Stitched Seams For Enhanced Durability And Stress Points Reinforced With Bartack. SKU: LBFRO. Unit: Pcs.","in stock","new","67.00 AED","https://www.xpertonecreative.com/products/vaultex-fire-retardant-coverall-with-labels-orange-color/","https://myodfvshmusywmhdozwt.supabase.co/storage/v1/object/public/product-photos/LBFRO/1789031168877-LBFRO.png","Xpertone Creative","Workwear & Uniforms > Fire Retardant Coverall","Workwear & Uniforms","Fire Retardant Coverall","Pcs"
"LBFRR","Vaultex, Fire Retardant Coverall with Labels, Royal Color","LBFRR is a Fire Retardant Coverall manufactured by Vaultex a Protective clothing and Uniform making company. It is made from 100% Cotton fabric which provides protection from Heat, Fire and Flame. This Coverall is designed with adjustable sleeve edges with button wrist closures, 2-way heavy-duty metal zipper with 2 chest snaps and storm flap, two chest pockets with zipper & 1 pen pocket on Left Arm, 1 Back Pocket in Trouser And 1 Tool Pocket at the Right Lower, 2 Elasticized Waist Band At Sides For Improved Ergonomics And Comfort, Double Stitched Seams For Enhanced Durability And Stress Points Reinforced With Bartack. SKU: LBFRR. Unit: Pcs.","in stock","new","69.00 AED","https://www.xpertonecreative.com/products/vaultex-fire-retardant-coverall-with-labels-royal-color/","https://myodfvshmusywmhdozwt.supabase.co/storage/v1/object/public/product-photos/LBFRR/1789031175275-LBFRR.png","Xpertone Creative","Workwear & Uniforms > Fire Retardant Coverall","Workwear & Uniforms","Fire Retardant Coverall","Pcs"
"ECN","Vaultex, Fire Retardant Coverall with Reflective, 230 Gsm, Beige Color","Workwear & Uniforms supplied by Xpertone Creative in Dubai and across the UAE. SKU: ECN. Unit: Pcs.","in stock","new","90.00 AED","https://www.xpertonecreative.com/products/vaultex-fire-retardant-coverall-with-reflective-230-gsm-beige-color/","https://myodfvshmusywmhdozwt.supabase.co/storage/v1/object/public/product-photos/ECN/1789031181666-ECN.png","Xpertone Creative","Workwear & Uniforms > Fire Retardant Coverall 320 GSM","Workwear & Uniforms","Fire Retardant Coverall 320 GSM","Pcs"
"MIS","Vaultex, Fire Retardant Coverall with Reflective, 230 Gsm, Navy Blue Color","The MIS Fire-Retardant Coverall is 100% premium, smooth Cotton treated with Pyrovatex&reg; FR coating. It meets EN ISO 11611, EN ISO 11612:2015 (A1, A2, B1, C1, F1), EN ISO 15025:2016, and EN 471:2003 standards. The coverall has a reflective patch on each shoulder and 2 reflective rings on the sleeves, torso, and legs. It features a 2-way heavy-duty metal zipper with a metal snap, elasticized waistband at the back, and double-stitched seams with heavy-duty colorfast thread. SKU: MIS. Unit: Pcs.","in stock","new","80.00 AED","https://www.xpertonecreative.com/products/vaultex-fire-retardant-coverall-with-reflective-230-gsm-navy-blue-color-1/","https://www.xpertonecreative.com/assets/img/products/clean-reference/uniforms/MIS.webp?v=20260916exact","Xpertone Creative","Workwear & Uniforms > Protective Coverall","Workwear & Uniforms","Protective Coverall","Pcs"
"VNR","Vaultex, Fire Retardant Coverall with Reflective, 230 Gsm, Navy Blue Color","VNR is a Reflective Fire Retardant Coverall manufactured by VAULTEX for Protective Clothing & Uniform. It is made from 100% Premium smooth Cotton, Sanforized Mercerized, and Pre-Shrunk fabric which provide protection from Heat, Fire and Flame. This Coverall is designed with adjustable sleeve edges with button wrist closures, 2-way heavy-duty metal zipper with 2 chest snaps and storm flap, two chest pockets with zipper & 1 pen pocket on Left Arm, 1 Back Pocket in Trouser And 1 Tool Pocket at the Right Lower, 2 Elasticized Waist Band At Sides For Improved Ergonomics And Comfort, Double Stitched Seams For Enhanced Durability And Stress Points Reinforced With Bartack. SKU: VNR. Unit: Pcs.","in stock","new","92.00 AED","https://www.xpertonecreative.com/products/vaultex-fire-retardant-coverall-with-reflective-230-gsm-navy-blue-color/","https://myodfvshmusywmhdozwt.supabase.co/storage/v1/object/public/product-photos/VNR/1789031226469-VNR.png","Xpertone Creative","Workwear & Uniforms > Fire Retardant Coverall","Workwear & Uniforms","Fire Retardant Coverall","Pcs"
"POR","Vaultex, Fire Retardant Coverall with Reflective, 230 Gsm, Orange Color","100% Twill Coverall With Reflective from Vaultex comes with 2 chest flap-type pockets with a velcro closure along with a pen pocket on the left sleeve. An elasticated waist makes it easier to wear. This product also supports 2 reflective strips on shoulders and 2 reflective on both sleeves and legs. Seams are stitched with colourfast thread. The coverall is also shrinking resistant. SKU: POR. Unit: Pcs.","in stock","new","92.00 AED","https://www.xpertonecreative.com/products/vaultex-fire-retardant-coverall-with-reflective-230-gsm-orange-color/","https://myodfvshmusywmhdozwt.supabase.co/storage/v1/object/public/product-photos/POR/1789031260632-POR.png","Xpertone Creative","Workwear & Uniforms > Fire Retardant Coverall","Workwear & Uniforms","Fire Retardant Coverall","Pcs"
"NCE","Vaultex, Fire Retardant Coverall with Reflective, 230 Gsm, Royal Blue Color","NCE is a Reflective Fire Retardant Coverall manufactured by VAULTEX for Protective Clothing & Uniform. It is made from 100% Premium smooth Cotton, Sanforized Mercerized, and Pre-Shrunk fabric which provide protection from Heat, Fire and Flame. This Coverall is designed with adjustable sleeve edges with button wrist closures, 2-way heavy-duty metal zipper with 2 chest snaps and storm flap, two chest pockets with zipper & 1 pen pocket on Left Arm, 1 Back Pocket in Trouser And 1 Tool Pocket at the Right Lower, 2 Elasticized Waist Band At Sides For Improved Ergonomics And Comfort, Double Stitched Seams For Enhanced Durability And Stress Points Reinforced With Bartack. SKU: NCE. Unit: Pcs.","in stock","new","90.00 AED","https://www.xpertonecreative.com/products/vaultex-fire-retardant-coverall-with-reflective-230-gsm-royal-blue-color/","https://myodfvshmusywmhdozwt.supabase.co/storage/v1/object/public/product-photos/NCE/1789031266571-NCE.png","Xpertone Creative","Workwear & Uniforms > Fire Retardant Coverall","Workwear & Uniforms","Fire Retardant Coverall","Pcs"
"MTA","Vaultex, Fire Retardant Coverall with Yellow/Grey Reflective, 230 Gsm, Red Color","The MTA product is a 100% cotton fire retardant coverall with reflective material weighing 230 GSM. It meets the standards of EN ISO 11612:2015 (A1, A2, B1, C1, F1) and EN ISO 15025:2016. It is made from premium smooth Cotton, which is sanforized, mercerized, and pre-shrunk. The product features adjustable sleeve edges with Velcro straps, a two-way heavy-duty metal zipper with a metal snap, chest pockets with button flaps, and swing pockets with an elasticized waistband at the back. SKU: MTA. Unit: PCS.","in stock","new","104.00 AED","https://www.xpertonecreative.com/products/vaultex-fire-retardant-coverall-with-yellow-grey-reflective-230-gsm-red-color/","https://www.xpertonecreative.com/assets/img/products/clean-reference/uniforms/MTA.webp?v=20260916exact","Xpertone Creative","Workwear & Uniforms > Protective Coverall","Workwear & Uniforms","Protective Coverall","PCS"
"CRE","Vaultex, Fire Retardant Coverall with Yellow/Grey Reflective, 230 Gsm, Royal Blue Color","The CRE 100% Cotton Fire Retardant Coverall with Reflective is a premium protective garment designed for industrial use. Made from high-quality cotton fabric, it meets EN ISO 11612:2015 and EN ISO 15025:2016 standards for fire resistance. It features grey reflective tape for visibility, a 2-way heavy-duty metal zipper, multiple pockets, and reinforced seams for durability. With an elasticized waistband for comfort and bar tack stitching for added strength, this coverall provides safety, comfort, and utility for workers in hazardous environments. SKU: CRE. Unit: PCS.","in stock","new","91.00 AED","https://www.xpertonecreative.com/products/vaultex-fire-retardant-coverall-with-yellow-grey-reflective-230-gsm-royal-blue-color/","https://www.xpertonecreative.com/assets/img/products/clean-reference/uniforms/CRE.webp?v=20260916exact","Xpertone Creative","Workwear & Uniforms > Fire Retardant Coverall","Workwear & Uniforms","Fire Retardant Coverall","PCS"
"RFR","Vaultex, Fire Retardant Coverall, 230 Gsm, Red Color","100% Cotton Fire Retardant Coverall W/Reflective &ndash; 230 GSM is a Vaultex product that comes with a flame retardant symbolic label, 2 chest pockets with zipper, elasticized waistband at back, 1 pen pocket on left arm, adjustable sleeve edges with wrist button enclosure and double-stitched seams with heavy duty colourfast thread. There are 2 way heavy duty metal zippers with metal snap. SKU: RFR. Unit: Pcs.","in stock","new","90.00 AED","https://www.xpertonecreative.com/products/vaultex-fire-retardant-coverall-230-gsm-red-color/","https://www.xpertonecreative.com/assets/img/products/clean-reference/uniforms/RFR.webp?v=20260916exact","Xpertone Creative","Workwear & Uniforms > Fire Retardant Coverall","Workwear & Uniforms","Fire Retardant Coverall","Pcs"
"SOU","Vaultex, Fire Retardant Coverall, 320 Gsm, Navy Blue Color","SOU is a Fire Retardant Coverall manufactured by VAULTEX for Protective Clothing & Uniform. It is made from 100% Premium smooth Cotton, Sanforized Mercerized, and Pre-Shrunk fabric which provide protection from Heat, Fire and Flame. This Coverall is designed with adjustable sleeve edges with button wrist closures, 2-way heavy-duty metal zipper with 2 chest snaps and storm flap, two chest pockets with zipper & 1 pen pocket on Left Arm, 1 Back Pocket in Trouser And 1 Tool Pocket at the Right Lower, 2 Elasticized Waist Band At Sides For Improved Ergonomics And Comfort, Double Stitched Seams For Enhanced Durability And Stress Points Reinforced With Bartack. SKU: SOU. Unit: Pcs.","in stock","new","70.00 AED","https://www.xpertonecreative.com/products/vaultex-fire-retardant-coverall-320-gsm-navy-blue-color/","https://www.xpertonecreative.com/assets/img/audit-mockups/SOU.jpg","Xpertone Creative","Workwear & Uniforms > Fire Retardant Coverall","Workwear & Uniforms","Fire Retardant Coverall","Pcs"
"ROW","Vaultex, Fire Retardant Pant & Shirt with Reflective, 230 Gsm, Royal Blue Color","Introducing the ROW 100% Cotton Fire Retardant Pant & Shirt with Reflective, designed to provide both safety and comfort for workers in demanding environments. Manufactured in India and compliant with EN ISO 11612:2015 and EN ISO 15025:2016 standards, this set offers premium protection against fire-related hazards. The shirt is equipped with 2 chest pockets featuring snap and metal button closures, along with a handy pen pocket on the sleeve. Reflective tape on both sleeves, shoulders, and the torso ensures high visibility even in low-light conditions. The pants provide 2 swing pockets, back pockets with snap buttons, and a dedicated tool pocket for your convenience. The elasticized waistband at the back enhances comfort during long shifts. Both garments are sanforized, mercerized, and pre-shrunk to maintain their shape and size, even after repeated washes. Stress points are reinforced with bar tack stitching for added durability, and all seams are stitched with colorfast thread. Elevate your workwear with the ROW Fire Retardant Pant & Shirt Set, providing reliable protection and functionality for those working in potentially hazardous environments. SKU: ROW. Unit: PCS.","in stock","new","92.00 AED","https://www.xpertonecreative.com/products/vaultex-fire-retardant-pant-shirt-with-reflective-230-gsm-royal-blue-color/","https://myodfvshmusywmhdozwt.supabase.co/storage/v1/object/public/product-photos/ROW/1789040271260-ROW.png","Xpertone Creative","Workwear & Uniforms > With Pocket","Workwear & Uniforms","With Pocket","PCS"
"FBM","Vaultex, FR Coverall with Labels, Beige Color","FBM is a Fire Retardant Coverall manufactured by Vaultex a Protective clothing and Uniform making company. It is made from 100% Cotton fabric which provides protection from Heat, Fire and Flame. This Coverall is designed with adjustable sleeve edges with button wrist closures, 2-way heavy-duty metal zipper with 2 chest snaps and storm flap, two chest pockets with zipper & 1 pen pocket on Left Arm, 1 Back Pocket in Trouser And 1 Tool Pocket at the Right Lower, 2 Elasticized Waist Band At Sides For Improved Ergonomics And Comfort, Double Stitched Seams For Enhanced Durability And Stress Points Reinforced With Bartack. SKU: FBM. Unit: Pcs.","in stock","new","48.00 AED","https://www.xpertonecreative.com/products/vaultex-fr-coverall-with-labels-beige-color/","https://www.xpertonecreative.com/assets/img/audit-mockups/FBM.jpg","Xpertone Creative","Workwear & Uniforms > Protective Coverall","Workwear & Uniforms","Protective Coverall","Pcs"
"EIT","Vaultex, FR Coverall with Labels, Yellow Color","EIT is a Fire Retardant Coverall manufactured by Vaultex a Protective clothing and Uniform making company. It is made from 100% Cotton fabric which provides protection from Heat, Fire and Flame. This Coverall is designed with adjustable sleeve edges with button wrist closures, 2-way heavy-duty metal zipper with 2 chest snaps and storm flap, two chest pockets with zipper & 1 pen pocket on Left Arm, 1 Back Pocket in Trouser And 1 Tool Pocket at the Right Lower, 2 Elasticized Waist Band At Sides For Improved Ergonomics And Comfort, Double Stitched Seams For Enhanced Durability And Stress Points Reinforced With Bartack. SKU: EIT. Unit: Pcs.","in stock","new","53.00 AED","https://www.xpertonecreative.com/products/vaultex-fr-coverall-with-labels-yellow-color/","https://www.xpertonecreative.com/assets/img/products/clean-reference/uniforms/EIT.webp?v=20260916exact","Xpertone Creative","Workwear & Uniforms > Protective Coverall","Workwear & Uniforms","Protective Coverall","Pcs"
"WOR","Vaultex, FR Pant & Shirt with FR Yellow/Grey Reflective, 280 Gsm, Royal Blue Color","Workwear & Uniforms supplied by Xpertone Creative in Dubai and across the UAE. SKU: WOR. Unit: Pcs.","in stock","new","95.00 AED","https://www.xpertonecreative.com/products/vaultex-fr-pant-shirt-with-fr-yellow-grey-reflective-300-gsm-royal-blue-color/","https://myodfvshmusywmhdozwt.supabase.co/storage/v1/object/public/product-photos/WOR/1789031328557-WOR.png","Xpertone Creative","Workwear & Uniforms > Other","Workwear & Uniforms","Other","Pcs"
"CTC","Vaultex, IFR Aramid Coverall with Reflective, 150 Gsm, Yellow Color","Workwear & Uniforms supplied by Xpertone Creative in Dubai and across the UAE. SKU: CTC. Unit: Pcs.","in stock","new","184.00 AED","https://www.xpertonecreative.com/products/vaultex-ifr-aramid-coverall-with-reflective-150-gsm-yellow-color/","https://myodfvshmusywmhdozwt.supabase.co/storage/v1/object/public/product-photos/CTC/1789031443141-CTC.png","Xpertone Creative","Workwear & Uniforms > Fire Retardant Coverall","Workwear & Uniforms","Fire Retardant Coverall","Pcs"
"CQB","Vaultex, IFR Aramid Coverall, 93% Meta-Aramid, 5% Para-Aramid, 2% Antistatic, UL Listed, Navy Blue","Workwear & Uniforms supplied by Xpertone Creative in Dubai and across the UAE. SKU: CQB. Unit: Pcs.","in stock","new","185.00 AED","https://www.xpertonecreative.com/products/vaultex-ifr-aramid-coverall-93-meta-aramid-5-para-aramid-2-antistatic-ul-listed-navy-blue/","https://www.xpertonecreative.com/assets/img/products/clean-reference/uniforms/CQB.webp?v=20260916exact","Xpertone Creative","Workwear & Uniforms > Other","Workwear & Uniforms","Other","Pcs"
"RGM","Vaultex, IFR Aramid Coverall, 93% Meta-Aramid, 5% Para-Aramid, 2% Antistatic, UL Listed, Orange","Workwear & Uniforms supplied by Xpertone Creative in Dubai and across the UAE. SKU: RGM. Unit: Pcs.","in stock","new","185.00 AED","https://www.xpertonecreative.com/products/vaultex-ifr-aramid-coverall-93-meta-aramid-5-para-aramid-2-antistatic-ul-listed-orange/","https://www.xpertonecreative.com/assets/img/products/clean-reference/uniforms/RGM.webp?v=20260916exact","Xpertone Creative","Workwear & Uniforms > Other","Workwear & Uniforms","Other","Pcs"
"BNL","Vaultex, IFR Aramid Coverall, 93% Meta-Aramid, 5% Para-Aramid, 2% Antistatic, UL Listed, Red","Workwear & Uniforms supplied by Xpertone Creative in Dubai and across the UAE. SKU: BNL. Unit: Pcs.","in stock","new","197.00 AED","https://www.xpertonecreative.com/products/vaultex-ifr-aramid-coverall-93-meta-aramid-5-para-aramid-2-antistatic-ul-listed-red/","https://www.xpertonecreative.com/assets/img/products/clean-reference/uniforms/BNL.webp?v=20260916exact","Xpertone Creative","Workwear & Uniforms > Other","Workwear & Uniforms","Other","Pcs"
"LNB","Vaultex, IFR Aramid Coverall, 93% Meta-Aramid, 5% Para-Aramid, 2% Antistatic, UL Listed, Royal Blue","Workwear & Uniforms supplied by Xpertone Creative in Dubai and across the UAE. SKU: LNB. Unit: Pcs.","in stock","new","197.00 AED","https://www.xpertonecreative.com/products/vaultex-ifr-aramid-coverall-93-meta-aramid-5-para-aramid-2-antistatic-ul-listed-royal-blue/","https://www.xpertonecreative.com/assets/img/products/clean-reference/uniforms/LNB.webp?v=20260916exact","Xpertone Creative","Workwear & Uniforms > Other","Workwear & Uniforms","Other","Pcs"
"AZI","Vaultex, IFR Coverall with Reflective, 180 Gsm, Navy Blue Color","Workwear & Uniforms supplied by Xpertone Creative in Dubai and across the UAE. SKU: AZI. Unit: Pcs.","in stock","new","132.00 AED","https://www.xpertonecreative.com/products/vaultex-ifr-coverall-with-reflective-180-gsm-navy-blue-color/","https://myodfvshmusywmhdozwt.supabase.co/storage/v1/object/public/product-photos/AZI/1789031449270-AZI.png","Xpertone Creative","Workwear & Uniforms > Fire Retardant Coverall","Workwear & Uniforms","Fire Retardant Coverall","Pcs"
"UBN","Vaultex, IFR Coverall with Reflective, 180 Gsm, Royal Blue Color","Workwear & Uniforms supplied by Xpertone Creative in Dubai and across the UAE. SKU: UBN. Unit: Pcs.","in stock","new","132.00 AED","https://www.xpertonecreative.com/products/vaultex-ifr-coverall-with-reflective-180-gsm-royal-blue-color/","https://myodfvshmusywmhdozwt.supabase.co/storage/v1/object/public/product-photos/UBN/1789031456456-UBN.png","Xpertone Creative","Workwear & Uniforms > Protective Coverall","Workwear & Uniforms","Protective Coverall","Pcs"
"DEN","Vaultex, IFR Fire Retardant Coverall with Reflective, 180 Gsm, Royal Blue Color","The inherent flame-retardant coverall with reflective is made of a fabric that is 55% modacrylic, 43% cotton, and 2% anti-static inherent flame retardant. It comes with reflective patches on the shoulders, sleeves, and legs, a 2-way heavy-duty metal zipper with metal snap, and elasticized waistband at the back. The coverall has 2 chest pockets with button flaps, 1 pen pocket on the left sleeve, 2 swing pockets, 2 back pockets, and 1 tool pocket on the Trousers. SKU: DEN. Unit: PCS.","in stock","new","141.00 AED","https://www.xpertonecreative.com/products/vaultex-ifr-fire-retardant-coverall-with-reflective-185-gsm-royal-blue-color/","https://myodfvshmusywmhdozwt.supabase.co/storage/v1/object/public/product-photos/DEN/1789031463118-DEN.png","Xpertone Creative","Workwear & Uniforms > Protective Coverall","Workwear & Uniforms","Protective Coverall","PCS"
"BEE","Vaultex, IFR Special Coverall with Reflective, 180 Gsm, Royal Blue Color","Workwear & Uniforms supplied by Xpertone Creative in Dubai and across the UAE. SKU: BEE. Unit: Pcs.","in stock","new","154.00 AED","https://www.xpertonecreative.com/products/vaultex-ifr-special-coverall-with-reflective-180-gsm-royal-blue-color/","https://myodfvshmusywmhdozwt.supabase.co/storage/v1/object/public/product-photos/BEE/1789031469932-BEE.png","Xpertone Creative","Workwear & Uniforms > Fire Retardant Coverall","Workwear & Uniforms","Fire Retardant Coverall","Pcs"
"PGA","Vaultex, IIIA IFR 93%Meta-Aramid,5%Para-Aramid,2% Antistatic Coverall with Reflective,150Gsm,R Blue","Workwear & Uniforms supplied by Xpertone Creative in Dubai and across the UAE. SKU: PGA. Unit: Pcs.","in stock","new","167.00 AED","https://www.xpertonecreative.com/products/vaultex-iiia-ifr-93-meta-aramid-5-para-aramid-2-antistatic-coverall-with-reflective-150gsm-r-blue/","https://myodfvshmusywmhdozwt.supabase.co/storage/v1/object/public/product-photos/PGA/1789040827436-PGA.png","Xpertone Creative","Workwear & Uniforms > Fire Retardant Coverall","Workwear & Uniforms","Fire Retardant Coverall","Pcs"
"NLQ","Vaultex, Pant with Vaultex Reflective, Yellow Color","If you are in search of reflective trousers, then your search ends here. These bright and vibrant trousers from the brand Vaultex is made from 100% polyester. You also get 4 reflective & zipper on the bottom that makes wearing these trousers easier and adds to your convenience. You can choose this product from size medium to 3XL. SKU: NLQ. Unit: Pcs.","in stock","new","43.00 AED","https://www.xpertonecreative.com/products/vaultex-pant-with-vaultex-reflective-yellow-color/","https://www.xpertonecreative.com/assets/img/audit-mockups/NLQ.jpg","Xpertone Creative","Workwear & Uniforms > Protective Coverall","Workwear & Uniforms","Protective Coverall","Pcs"
"DTR","Vaultex, Polyester Lab Coat, 150 Gsm, White Color","Workwear & Uniforms supplied by Xpertone Creative in Dubai and across the UAE. SKU: DTR. Unit: Pcs.","in stock","new","32.00 AED","https://www.xpertonecreative.com/products/vaultex-polyester-lab-coat-150-gsm-white-color/","https://myodfvshmusywmhdozwt.supabase.co/storage/v1/object/public/product-photos/DTR/1789030694568-DTR.png","Xpertone Creative","Workwear & Uniforms > Other","Workwear & Uniforms","Other","Pcs"
"NKM","Vaultex, Proban 8 Cal FR Pant, Navy Blue Color","These 100% cotton fire retardant pants are designed to provide maximum safety and comfort to workers. They are treated with Proban&reg; FR coating, which makes them flame-resistant. The pants feature two front swings and two back pockets with plastic buttons, heavy-duty colorfast thread, and reinforced stress points with bar tacks. SKU: NKM. Unit: Pcs.","in stock","new","75.00 AED","https://www.xpertonecreative.com/products/vaultex-proban-8-cal-fr-pant-navy-blue-color/","https://myodfvshmusywmhdozwt.supabase.co/storage/v1/object/public/product-photos/NKM/1789036509120-NKM.png","Xpertone Creative","Workwear & Uniforms > Pant & Shirt","Workwear & Uniforms","Pant & Shirt","Pcs"
"AKH","Vaultex, Proban 8 Cal FR Shirt, Beige Color","The AKH product is a fire retardant shirt made of 100% cotton and weighing 240 GSM. It complies with multiple safety standards, including HRC 2 ATPV 8 CAL, EN11611, EN11612, EN 61482, ASTM1959, ASTM1506, NFPA2112, and NFPA70E. It has a button-down collar with plastic button closure and 2 chest pockets with a flap and plastic button. SKU: AKH. Unit: Pcs.","in stock","new","75.00 AED","https://www.xpertonecreative.com/products/vaultex-proban-8-cal-fr-shirt-beige-color/","https://myodfvshmusywmhdozwt.supabase.co/storage/v1/object/public/product-photos/AKH/1789036515998-AKH.png","Xpertone Creative","Workwear & Uniforms > Pant & Shirt","Workwear & Uniforms","Pant & Shirt","Pcs"
"KIP","Vaultex, Winter Jacket with High Quality Vaultex Reflective Tape, Navy & Yellow Color","This stylish and attractive Winter Jacket With Vaultex Reflectives is a great product and have many uses. 100% polyester with a polyurethane coating, water-resistant shell with multiple interior and exterior pockets with flap and velcro closures makes this jacket a must buy. 2 vertical, 2 horizontal & 2 stripes on each sleeve works well at night. The product is available in sizes small to 4XL. SKU: KIP. Unit: Pcs.","in stock","new","64.00 AED","https://www.xpertonecreative.com/products/vaultex-winter-jacket-with-high-quality-vaultex-reflective-tape-navy-yellow-color/","https://myodfvshmusywmhdozwt.supabase.co/storage/v1/object/public/product-photos/KIP/1789036558815-KIP.png","Xpertone Creative","Workwear & Uniforms > Protective Coverall","Workwear & Uniforms","Protective Coverall","Pcs"
"JGN","Vaultex, Winter Jacket, Navy Blue Color","The JGN Winter Jacket is a durable and reliable option for cold weather protection. Made of 100% polyester with a polyurethane coating and water-resistant shell, it features a storm flap with front zip closure, snap multiple interior and exterior pockets with flap and Velcro, and retroreflective tape on the body and sleeves. The jacket also includes a tuck-away hood in the collar with drawstring and inner sleeve cuffs for added warmth and protection. Available in Navy Blue, sizes range from S to 5XL. SKU: JGN. Unit: Pcs.","in stock","new","63.00 AED","https://www.xpertonecreative.com/products/vaultex-winter-jacket-navy-blue-color/","https://myodfvshmusywmhdozwt.supabase.co/storage/v1/object/public/product-photos/JGN/1789036566250-JGN.png","Xpertone Creative","Workwear & Uniforms > Winter Jackets","Workwear & Uniforms","Winter Jackets","Pcs"
"JGO","Vaultex, Winter Jacket, Orange Color","This Winter Jacket from Vaultex is crafted from 100% polyester with polyurethane coating. It has a water-resistant shell with multiple interior and exterior pockets with flap and velcro closure. The tuck away hood comes with a drawstring and inner sleeve cuffs. It also has retro reflective stripes. The orange colour is energetic and vibrant, making it easier to spot even at night. SKU: JGO. Unit: Pcs.","in stock","new","63.00 AED","https://www.xpertonecreative.com/products/vaultex-winter-jacket-orange-color-2/","https://myodfvshmusywmhdozwt.supabase.co/storage/v1/object/public/product-photos/JGO/1789036573689-JGO.png","Xpertone Creative","Workwear & Uniforms > Protective Coverall","Workwear & Uniforms","Protective Coverall","Pcs"
"JGY","Vaultex, Winter Jacket, Yellow Color","If you are looking for a reflective winter jacket, then look no further from this yellow jacket from the brand Vaultex. The product is crafted from 100% polyester and further comes coated with polyurethane coating. The interior and exterior pockets have flap and velcro closures. It is also water resistant and has a zipper front closure with a strap storm flap. SKU: JGY. Unit: Pcs.","in stock","new","63.00 AED","https://www.xpertonecreative.com/products/vaultex-winter-jacket-yellow-color/","https://myodfvshmusywmhdozwt.supabase.co/storage/v1/object/public/product-photos/JGY/1789036581275-JGY.png","Xpertone Creative","Workwear & Uniforms > Protective Coverall","Workwear & Uniforms","Protective Coverall","Pcs"
"FRA","Vaultex, WR Finish Coverall With Reflective, 190 Gsm, Bush Green Color","Workwear & Uniforms supplied by Xpertone Creative in Dubai and across the UAE. SKU: FRA. Unit: Pcs.","in stock","new","53.00 AED","https://www.xpertonecreative.com/products/vaultex-wr-finish-coverall-with-reflective-190-gsm-bush-green-color/","https://www.xpertonecreative.com/assets/img/products/clean-reference/uniforms/FRA.webp?v=20260916exact","Xpertone Creative","Workwear & Uniforms > With Pocket","Workwear & Uniforms","With Pocket","Pcs"
"MAD","Vaultex, WR Finish Coverall With Reflective, 190 Gsm, Navy Blue Color","Workwear & Uniforms supplied by Xpertone Creative in Dubai and across the UAE. SKU: MAD. Unit: Pcs.","in stock","new","53.00 AED","https://www.xpertonecreative.com/products/vaultex-wr-finish-coverall-with-reflective-190-gsm-navy-blue-color/","https://www.xpertonecreative.com/assets/img/products/clean-reference/uniforms/MAD.webp?v=20260916exact","Xpertone Creative","Workwear & Uniforms > With Pocket","Workwear & Uniforms","With Pocket","Pcs"
"JNB","Vaultex, WR Finish Coverall With Reflective, 190 Gsm, Royal Blue Color","Workwear & Uniforms supplied by Xpertone Creative in Dubai and across the UAE. SKU: JNB. Unit: Pcs.","in stock","new","53.00 AED","https://www.xpertonecreative.com/products/vaultex-wr-finish-coverall-with-reflective-190-gsm-royal-blue-color/","https://www.xpertonecreative.com/assets/img/products/clean-reference/uniforms/JNB.webp?v=20260916exact","Xpertone Creative","Workwear & Uniforms > With Pocket","Workwear & Uniforms","With Pocket","Pcs"
"SYD","Vaultex, WR Finish Jacket & Trouser Sets With Reflective,190 Gsm,Bush Green Color","Workwear & Uniforms supplied by Xpertone Creative in Dubai and across the UAE. SKU: SYD. Unit: Set.","in stock","new","75.00 AED","https://www.xpertonecreative.com/products/vaultex-wr-finish-jacket-trouser-sets-with-reflective-190-gsm-bush-green-color/","https://myodfvshmusywmhdozwt.supabase.co/storage/v1/object/public/product-photos/SYD/1789036588653-SYD.png","Xpertone Creative","Workwear & Uniforms > With Pocket","Workwear & Uniforms","With Pocket","Set"
"LAX","Vaultex, WR Finish Jacket & Trouser Sets With Reflective,190 Gsm,Navy Blue Color","Workwear & Uniforms supplied by Xpertone Creative in Dubai and across the UAE. SKU: LAX. Unit: Set.","in stock","new","58.00 AED","https://www.xpertonecreative.com/products/vaultex-wr-finish-jacket-trouser-sets-with-reflective-190-gsm-navy-blue-color/","https://myodfvshmusywmhdozwt.supabase.co/storage/v1/object/public/product-photos/LAX/1789036995583-LAX.png","Xpertone Creative","Workwear & Uniforms > With Pocket","Workwear & Uniforms","With Pocket","Set"
"IAX","Vaultex, WR Finish Jacket & Trouser Sets With Reflective,190 Gsm,Royal Blue Color","Workwear & Uniforms supplied by Xpertone Creative in Dubai and across the UAE. SKU: IAX. Unit: Set.","in stock","new","75.00 AED","https://www.xpertonecreative.com/products/vaultex-wr-finish-jacket-trouser-sets-with-reflective-190-gsm-royal-blue-color/","https://myodfvshmusywmhdozwt.supabase.co/storage/v1/object/public/product-photos/IAX/1789040339253-IAX.png","Xpertone Creative","Workwear & Uniforms > Safety Jacket","Workwear & Uniforms","Safety Jacket","Set"
"CAI","Vaultex, WR Finish Lab Coat, 190 Gsm, Bush Green Color","Workwear & Uniforms supplied by Xpertone Creative in Dubai and across the UAE. SKU: CAI. Unit: Pcs.","in stock","new","39.00 AED","https://www.xpertonecreative.com/products/vaultex-wr-finish-lab-coat-with-reflective-190-gsm-bush-green-color/","https://www.xpertonecreative.com/assets/img/products/clean-reference/uniforms/CAI.webp?v=20260916exact","Xpertone Creative","Workwear & Uniforms > Coverall 190 GSM","Workwear & Uniforms","Coverall 190 GSM","Pcs"
"LHR","Vaultex, WR Finish Lab Coat, 190 Gsm, Navy Blue Color","Workwear & Uniforms supplied by Xpertone Creative in Dubai and across the UAE. SKU: LHR. Unit: Pcs.","in stock","new","39.00 AED","https://www.xpertonecreative.com/products/vaultex-wr-finish-lab-coat-with-reflective-190-gsm-navy-blue-color/","https://www.xpertonecreative.com/assets/img/products/clean-reference/uniforms/LHR.webp?v=20260916exact","Xpertone Creative","Workwear & Uniforms > Other","Workwear & Uniforms","Other","Pcs"
"ICN","Vaultex, WR Finish Lab Coat, 190 Gsm, White Color","Workwear & Uniforms supplied by Xpertone Creative in Dubai and across the UAE. SKU: ICN. Unit: Pcs.","in stock","new","39.00 AED","https://www.xpertonecreative.com/products/vaultex-wr-finish-lab-coat-with-reflective-190-gsm-white-color/","https://www.xpertonecreative.com/assets/img/products/clean-reference/uniforms/ICN.webp?v=20260916exact","Xpertone Creative","Workwear & Uniforms > With Pocket","Workwear & Uniforms","With Pocket","Pcs"
"TPF","Vaultex,100% Cotton Pant Shirt with Reflective European Style,260 gsm,Navy Blue Color, Part No: FPT","The TPF 100% Cotton Pant & Shirt with Reflective (European Style) set from China is designed for durability and safety. The shirt features two chest pockets with zip closure compartments and two lower swing pockets with Velcro flaps. Reflective tape on both sleeves and shoulders enhances visibility. The pants include two swing pockets, two side pockets, two back pockets with Velcro flaps, and one radio pocket with a Velcro flap. An elasticized waistband at the back ensures improved comfort. The garments are sanforized, mercerized, and pre-shrunk for quality and come with reinforced stress points, bar-tacked seams, and colorfast thread stitching. Perfect for work environments where safety and durability are essential. SKU: TPF. Unit: Set.","in stock","new","70.00 AED","https://www.xpertonecreative.com/products/vaultex-100-cotton-pant-shirt-with-reflective-european-style-260-gsm-navy-blue-color-1/","https://myodfvshmusywmhdozwt.supabase.co/storage/v1/object/public/product-photos/TPF/1789036631069-TPF.png","Xpertone Creative","Workwear & Uniforms > With Pocket","Workwear & Uniforms","With Pocket","Set"
"B100","Workland, 100% Cotton Coverall, Beige Color","B100 is a 100% Cotton COVERALL manufactured by WORKLAND for a Protective Clothing & Uniform. This Coverall is designed with Two Way Zipper With Storm Flap And 2 Chest Pockets, 1 Pen Pocket on Left Sleeve, Trouser with 2 Swing Pockets, 2 Patch Pockets At The Back & 1 Side Pocket on Right Leg, Elasticized Waist Band At Back For Improved Comfort Sanforized And Mercerized. SKU: B100. Unit: Pcs.","in stock","new","43.00 AED","https://www.xpertonecreative.com/products/workland-100-cotton-coverall-beige-color/","https://www.xpertonecreative.com/assets/img/products/clean-reference/uniforms/B100.webp?v=20260916exact","Xpertone Creative","Workwear & Uniforms > Protective Coverall","Workwear & Uniforms","Protective Coverall","Pcs"
"LHO","Workland, 100% Cotton Fire Retardant Coverall with Reflective, 230 Gsm, Royal Blue","Introducing the LHO 100% Cotton Fire Retardant Coverall with Reflective, a high-quality safety garment engineered to safeguard workers in high-risk environments. Proudly manufactured in Pakistan, this coverall adheres to rigorous safety standards, including EN ISO 11611, EN ISO 11612, EN ISO 14116, and NFPA 2112:2007. Crafted from 100% premium cotton FR fabric, this coverall offers exceptional fire resistance and durability. The fabric is sanforized, mercerized, and pre-shrunk, ensuring it maintains its shape and size even after repeated washing. High-visibility reflective patches on the shoulders and reflective rings on the sleeves, torso, and legs enhance worker safety in low-light conditions. The coverall features a two-way heavy-duty metal zipper with metal snaps for secure closure. It includes two chest pockets with snap buttons and flaps, as well as a practical pen pocket on the left sleeve. The trouser section offers two front swing pockets, two back pockets, and a dedicated tool pocket on the right leg. The adjustable Velcro strap on the cuffs and an elasticized waistband at the back ensure a comfortable and secure fit. For added durability, all seams are double-stitched with heavy-duty colorfast thread, and stress points are reinforced with bar tack stitching. Elevate workplace safety with the LHO Fire Retardant Coverall, providing top-tier protection and functionality for workers in demanding conditions. SKU: LHO. Unit: Pcs.","in stock","new","79.00 AED","https://www.xpertonecreative.com/products/workland-100-cotton-fire-retardant-coverall-with-reflective-230-gsm-royal-blue/","https://myodfvshmusywmhdozwt.supabase.co/storage/v1/object/public/product-photos/LHO/1789040360173-LHO.png","Xpertone Creative","Workwear & Uniforms > Fire Retardant Coverall","Workwear & Uniforms","Fire Retardant Coverall","Pcs"
"NPA","Workland, 100% Cotton Pant & Shirt with Reflective, 200 Gsm, Red Color","Workwear & Uniforms supplied by Xpertone Creative in Dubai and across the UAE. SKU: NPA. Unit: Set.","in stock","new","56.00 AED","https://www.xpertonecreative.com/products/workland-100-cotton-pant-shirt-with-reflective-200-gsm-red-color-1/","https://www.xpertonecreative.com/assets/img/products/clean-reference/uniforms/NPA.webp?v=20260916exact","Xpertone Creative","Workwear & Uniforms > With Pocket","Workwear & Uniforms","With Pocket","Set"
"B2P","Workland, 100% Cotton Pant & Shirt, Beige Color","B2P Product is 100% Cotton material Pant and Shirt also very comfortable to wear manufactured by WORKLAND. It has a shirt consisting of one chest pocket with a button flap. The pants have two swing pockets and two back patches and Elasticized waistband at the back with belt loops. SKU: B2P. Unit: Set.","in stock","new","46.00 AED","https://www.xpertonecreative.com/products/workland-100-cotton-pant-shirt-beige-color/","https://www.xpertonecreative.com/assets/img/products/clean-reference/uniforms/B2P.webp?v=20260916exact","Xpertone Creative","Workwear & Uniforms > Protective Coverall","Workwear & Uniforms","Protective Coverall","Set"
"C2P","Workland, 100% Cotton Pant & Shirt, Royal Blue Color","C2P Product is 100% Cotton material Pant and Shirt also very comfortable to wear manufactured by WORKLAND. It has a shirt consisting of one chest pocket with a button flap. Pants have two swing pockets and two back patches and Elasticized waistband at the back with belt loops Sanforized and Mercerized. SKU: C2P. Unit: Set.","in stock","new","47.00 AED","https://www.xpertonecreative.com/products/workland-100-cotton-pant-shirt-petrol-blue-color/","https://www.xpertonecreative.com/assets/img/products/clean-reference/uniforms/C2P.webp?v=20260916exact","Xpertone Creative","Workwear & Uniforms > Protective Coverall","Workwear & Uniforms","Protective Coverall","Set"
"DNO","Workland, 100% Twill Pant & Shirt with Reflective, 190 Gsm, Petrol Blue Color","The DNO 100% Twill Pant & Shirt set from Pakistan offers both comfort and functionality. The shirt features two chest pockets with flap metal buttons and two swing pockets. The pants are equipped with two swing pockets, two side pockets, and two back pockets for added convenience. An elasticized waistband at the back, along with belt loops, ensures a comfortable fit. These garments are sanforized and mercerized, providing durability and quality. Perfect for various work environments, they combine style and utility. SKU: DNO. Unit: Pcs.","in stock","new","45.00 AED","https://www.xpertonecreative.com/products/workland-100-twill-pant-shirt-190-gsm-petrol-blue-color/","https://myodfvshmusywmhdozwt.supabase.co/storage/v1/object/public/product-photos/DNO/1789036647611-DNO.png","Xpertone Creative","Workwear & Uniforms > Pant & Shirt","Workwear & Uniforms","Pant & Shirt","Pcs"
"ADG","WorkLand, 100% Twill Pant & Shirt, Grey Color","ADG Product is 100% Twill Cotton material Pant and Shirt also very comfortable to wear manufactured by WORKLAND. It has a shirt consisting of one chest pocket with a button flap. Pants have two swing pockets and two back patches and Elasticized waistband at the back with belt loops Sanforized and Mercerized. SKU: ADG. Unit: Pcs.","in stock","new","38.00 AED","https://www.xpertonecreative.com/products/workland-100-twill-pant-shirt-grey-color/","https://www.xpertonecreative.com/assets/img/audit-mockups/ADG.jpg","Xpertone Creative","Workwear & Uniforms > Protective Coverall","Workwear & Uniforms","Protective Coverall","Pcs"
"BPC","WorkLand, 100% Twill Pant Shirt, Navy Blue Color","Workwear & Uniforms supplied by Xpertone Creative in Dubai and across the UAE. SKU: BPC. Unit: Pcs.","in stock","new","31.00 AED","https://www.xpertonecreative.com/products/workland-100-twill-pant-shirt-navy-blue-color/","https://myodfvshmusywmhdozwt.supabase.co/storage/v1/object/public/product-photos/BPC/1789040381355-BPC.png","Xpertone Creative","Workwear & Uniforms > Protective Coverall","Workwear & Uniforms","Protective Coverall","Pcs"
"WPV","WorkLand, 100% Twill Pant Shirt, Petrol Blue Color","WPV Product is 100% Twill Cotton material Pant and Shirt also very comfortable to wear manufactured by WORKLAND. It has a shirt consisting of one chest pocket with a button flap. The pants have two swing pockets and two back patches and an Elasticized waistband at the back with belt loops Sanforized and Mercerized. SKU: WPV. Unit: Pcs.","in stock","new","39.00 AED","https://www.xpertonecreative.com/products/workland-100-twill-pant-shirt-petrol-blue-color-1/","https://myodfvshmusywmhdozwt.supabase.co/storage/v1/object/public/product-photos/WPV/1789036662563-WPV.png","Xpertone Creative","Workwear & Uniforms > Protective Coverall","Workwear & Uniforms","Protective Coverall","Pcs"
"CLM","WorkLand, 100% Twill Pant Shirts, Beige Color","CLM Product is 100% Twill Cotton material Pant and Shirt also very comfortable to wear manufactured by WORKLAND. It has a shirt consisting of one chest pocket with a button flap. The pants have two swing pockets and two back patches and Elasticized waistband at the back with belt loops Sanforized and Mercerized. SKU: CLM. Unit: Pcs.","in stock","new","38.00 AED","https://www.xpertonecreative.com/products/workland-100-twill-pant-shirts-beige-color/","https://myodfvshmusywmhdozwt.supabase.co/storage/v1/object/public/product-photos/CLM/1789036687703-CLM.png","Xpertone Creative","Workwear & Uniforms > Protective Coverall","Workwear & Uniforms","Protective Coverall","Pcs"
"2BWL","Workland, 35/65 Pant & Shirt, Beige Color","2BWL Product is a 65/35 Poly-Cotton material Pant and Shirt also very comfortable to wear and manufactured by WORKLAND. It has a shirt consisting of two chest pockets with button flaps. The pants have two swing pockets and two back patches and Elasticized waistband at the back with belt loops. SKU: 2BWL. Unit: Set.","in stock","new","37.00 AED","https://www.xpertonecreative.com/products/workland-35-65-pant-shirt-beige-color/","https://www.xpertonecreative.com/assets/img/products/clean-reference/uniforms/2BWL.webp?v=20260916exact","Xpertone Creative","Workwear & Uniforms > Protective Coverall","Workwear & Uniforms","Protective Coverall","Set"
"2GWL","Workland, 35/65 Pant & Shirt, Green Color","2GWL Product is a 65/35 Poly Cotton material Pant and Shirt also very comfortable to wear and manufactured by WORKLAND. It has a shirt consisting of two chest pockets with button flaps. Pants have two swing pockets and two back patches and Elasticized waistband at the back with belt loops. SKU: 2GWL. Unit: Set.","in stock","new","37.00 AED","https://www.xpertonecreative.com/products/workland-35-65-pant-shirt-green-color/","https://myodfvshmusywmhdozwt.supabase.co/storage/v1/object/public/product-photos/2GWL/1789036694810-2GWL.png","Xpertone Creative","Workwear & Uniforms > Protective Coverall","Workwear & Uniforms","Protective Coverall","Set"
"2PWL","Workland, 35/65 Pant & Shirt, Petrol Blue Color","2PWL Product is a 65/35 Poly Cotton material Pant and Shirt also very comfortable to wear and manufactured by WORKLAND. It has a shirt consisting of two chest pockets with button flaps. The pants have two swing pockets and two back patches and Elasticized waistband at the back with belt loops. SKU: 2PWL. Unit: Set.","in stock","new","38.00 AED","https://www.xpertonecreative.com/products/workland-35-65-pant-shirt-petrol-blue-color/","https://myodfvshmusywmhdozwt.supabase.co/storage/v1/object/public/product-photos/2PWL/1789036701859-2PWL.png","Xpertone Creative","Workwear & Uniforms > Protective Coverall","Workwear & Uniforms","Protective Coverall","Set"
"PXT","Workland, 35/65 Pant & Shirt, Petrol Blue Color","Workwear & Uniforms supplied by Xpertone Creative in Dubai and across the UAE. SKU: PXT. Unit: Set.","in stock","new","36.00 AED","https://www.xpertonecreative.com/products/workland-35-65-pant-shirt-petrol-blue-color-2/","https://myodfvshmusywmhdozwt.supabase.co/storage/v1/object/public/product-photos/PXT/1789036709413-PXT.png","Xpertone Creative","Workwear & Uniforms > With Pocket","Workwear & Uniforms","With Pocket","Set"
"FRC","Workland, FR Coverall with FR Yellow/Grey Reflective, 280 Gsm, Royal Blue Color","Workwear & Uniforms supplied by Xpertone Creative in Dubai and across the UAE. SKU: FRC. Unit: Pcs.","in stock","new","94.00 AED","https://www.xpertonecreative.com/products/vaultex-fr-coverall-with-fr-yellow-grey-reflective-280-gsm-royal-blue-color/","https://myodfvshmusywmhdozwt.supabase.co/storage/v1/object/public/product-photos/FRC/1789036717007-FRC.png","Xpertone Creative","Workwear & Uniforms > Other","Workwear & Uniforms","Other","Pcs"
"WKD","Workland, Pant Shirt, Navy Blue Color","Workwear & Uniforms supplied by Xpertone Creative in Dubai and across the UAE. SKU: WKD. Unit: Pcs.","in stock","new","36.00 AED","https://www.xpertonecreative.com/products/workland-pant-shirt-navy-blue-color/","https://myodfvshmusywmhdozwt.supabase.co/storage/v1/object/public/product-photos/WKD/1789040449709-WKD.png","Xpertone Creative","Workwear & Uniforms > With Pocket","Workwear & Uniforms","With Pocket","Pcs"
"PKW","Workland, Pant Shirt, Petro Blue Color","Workwear & Uniforms supplied by Xpertone Creative in Dubai and across the UAE. SKU: PKW. Unit: Pcs.","in stock","new","38.00 AED","https://www.xpertonecreative.com/products/workland-pant-shirt-petro-blue-color/","https://myodfvshmusywmhdozwt.supabase.co/storage/v1/object/public/product-photos/PKW/1789036731212-PKW.png","Xpertone Creative","Workwear & Uniforms > With Pocket","Workwear & Uniforms","With Pocket","Pcs"
"NCA","Workland,100% Cotton Pant & Shirt with Reflective, 200 Gsm, Beige Color","Workwear & Uniforms supplied by Xpertone Creative in Dubai and across the UAE. SKU: NCA. Unit: Pcs.","in stock","new","56.00 AED","https://www.xpertonecreative.com/products/vaultex-100-cotton-pant-shirt-with-reflective-200-gsm-beige-color/","https://www.xpertonecreative.com/assets/img/products/clean-reference/uniforms/NCA.webp?v=20260916exact","Xpertone Creative","Workwear & Uniforms > Cotton Pant & Shirt","Workwear & Uniforms","Cotton Pant & Shirt","Pcs"
